,Actual_User_Experience,Predicted_User_Experience,Correct,Probability_Negative,Probability_Neutral,Probability_Positive
9671,Negative,Neutral,False,0.2,0.8,0.0
5672,Negative,Negative,True,0.6,0.0,0.4
5389,Positive,Negative,False,0.6,0.4,0.0
3103,Positive,Negative,False,0.4,0.4,0.2
7910,Positive,Negative,False,0.6,0.0,0.4
4158,Positive,Negative,False,0.4,0.2,0.4
6029,Neutral,Negative,False,0.8,0.2,0.0
9162,Negative,Neutral,False,0.0,0.6,0.4
4156,Neutral,Neutral,True,0.0,0.6,0.4
2350,Negative,Positive,False,0.2,0.2,0.6
8941,Positive,Negative,False,0.6,0.2,0.2
7681,Neutral,Negative,False,0.8,0.0,0.2
9895,Negative,Positive,False,0.2,0.2,0.6
9310,Negative,Neutral,False,0.2,0.6,0.2
1249,Neutral,Positive,False,0.2,0.2,0.6
2118,Positive,Negative,False,0.8,0.2,0.0
433,Positive,Negative,False,0.6,0.2,0.2
9221,Positive,Neutral,False,0.0,1.0,0.0
5084,Negative,Negative,True,0.4,0.2,0.4
5754,Negative,Positive,False,0.2,0.2,0.6
7375,Neutral,Neutral,True,0.2,0.6,0.2
6290,Positive,Positive,True,0.2,0.2,0.6
5473,Negative,Neutral,False,0.4,0.6,0.0
5240,Neutral,Neutral,True,0.0,0.6,0.4
1256,Positive,Negative,False,0.6,0.2,0.2
4113,Positive,Neutral,False,0.4,0.6,0.0
3965,Neutral,Neutral,True,0.2,0.4,0.4
7114,Negative,Negative,True,0.4,0.2,0.4
8092,Positive,Neutral,False,0.2,0.8,0.0
1643,Neutral,Positive,False,0.2,0.2,0.6
8059,Neutral,Positive,False,0.0,0.4,0.6
6316,Neutral,Negative,False,0.6,0.0,0.4
6006,Negative,Neutral,False,0.2,0.8,0.0
2703,Negative,Negative,True,0.4,0.4,0.2
7723,Negative,Neutral,False,0.2,0.4,0.4
577,Positive,Negative,False,0.6,0.2,0.2
5396,Negative,Positive,False,0.2,0.2,0.6
8993,Negative,Positive,False,0.2,0.2,0.6
3521,Positive,Neutral,False,0.2,0.4,0.4
9842,Neutral,Neutral,True,0.2,0.8,0.0
8020,Positive,Negative,False,0.4,0.4,0.2
7363,Neutral,Negative,False,0.6,0.0,0.4
9902,Negative,Negative,True,0.6,0.2,0.2
8730,Negative,Neutral,False,0.0,0.8,0.2
6983,Negative,Neutral,False,0.2,0.6,0.2
9353,Positive,Negative,False,0.4,0.4,0.2
4895,Positive,Positive,True,0.2,0.2,0.6
2786,Positive,Neutral,False,0.0,1.0,0.0
6218,Positive,Negative,False,0.6,0.2,0.2
1709,Positive,Negative,False,0.4,0.4,0.2
5861,Positive,Neutral,False,0.2,0.6,0.2
8923,Negative,Negative,True,0.4,0.4,0.2
9480,Neutral,Negative,False,0.4,0.4,0.2
3424,Neutral,Negative,False,0.4,0.4,0.2
7122,Neutral,Positive,False,0.0,0.2,0.8
6209,Neutral,Negative,False,0.4,0.2,0.4
8692,Positive,Positive,True,0.2,0.2,0.6
7560,Neutral,Neutral,True,0.2,0.6,0.2
5495,Negative,Negative,True,0.6,0.2,0.2
9247,Neutral,Negative,False,0.4,0.2,0.4
9828,Negative,Neutral,False,0.2,0.6,0.2
4810,Neutral,Negative,False,0.4,0.4,0.2
2710,Negative,Neutral,False,0.2,0.4,0.4
5378,Neutral,Negative,False,0.4,0.2,0.4
9113,Positive,Neutral,False,0.2,0.4,0.4
6347,Positive,Neutral,False,0.2,0.6,0.2
5080,Negative,Positive,False,0.0,0.4,0.6
4589,Neutral,Positive,False,0.0,0.4,0.6
845,Positive,Negative,False,0.4,0.4,0.2
3032,Neutral,Neutral,True,0.2,0.4,0.4
2421,Positive,Positive,True,0.2,0.2,0.6
7095,Neutral,Negative,False,0.4,0.4,0.2
4344,Neutral,Neutral,True,0.2,0.6,0.2
3799,Neutral,Neutral,True,0.2,0.6,0.2
3454,Neutral,Positive,False,0.2,0.2,0.6
5623,Positive,Positive,True,0.2,0.2,0.6
2441,Negative,Negative,True,0.6,0.0,0.4
1640,Neutral,Negative,False,0.4,0.4,0.2
9684,Negative,Neutral,False,0.0,0.8,0.2
9937,Positive,Negative,False,0.4,0.4,0.2
6663,Negative,Positive,False,0.2,0.0,0.8
573,Positive,Negative,False,0.4,0.4,0.2
9141,Neutral,Negative,False,0.6,0.4,0.0
2386,Positive,Positive,True,0.2,0.2,0.6
1832,Negative,Negative,True,0.6,0.4,0.0
7947,Neutral,Positive,False,0.2,0.0,0.8
7829,Negative,Negative,True,0.6,0.0,0.4
9234,Positive,Negative,False,0.4,0.4,0.2
457,Negative,Neutral,False,0.0,0.6,0.4
5415,Neutral,Negative,False,0.6,0.2,0.2
3462,Neutral,Neutral,True,0.0,0.6,0.4
1199,Positive,Negative,False,0.4,0.2,0.4
1456,Neutral,Neutral,True,0.2,0.4,0.4
4385,Positive,Negative,False,0.4,0.2,0.4
8465,Positive,Negative,False,0.8,0.0,0.2
9543,Negative,Negative,True,0.8,0.0,0.2
684,Positive,Negative,False,0.4,0.2,0.4
805,Neutral,Neutral,True,0.2,0.4,0.4
6033,Negative,Negative,True,0.6,0.0,0.4
389,Neutral,Positive,False,0.2,0.2,0.6
2170,Positive,Positive,True,0.2,0.0,0.8
2511,Positive,Neutral,False,0.2,0.6,0.2
8902,Negative,Neutral,False,0.2,0.6,0.2
8478,Negative,Negative,True,0.4,0.2,0.4
8244,Negative,Negative,True,0.4,0.2,0.4
9951,Positive,Positive,True,0.4,0.0,0.6
1621,Negative,Neutral,False,0.0,0.6,0.4
1494,Negative,Neutral,False,0.0,0.8,0.2
9863,Positive,Positive,True,0.2,0.2,0.6
6694,Neutral,Negative,False,0.4,0.4,0.2
4657,Negative,Neutral,False,0.2,0.4,0.4
9105,Positive,Positive,True,0.2,0.0,0.8
9028,Positive,Positive,True,0.2,0.2,0.6
6100,Negative,Neutral,False,0.2,0.6,0.2
9279,Neutral,Negative,False,0.4,0.2,0.4
1252,Positive,Positive,True,0.0,0.4,0.6
1319,Neutral,Positive,False,0.2,0.2,0.6
5855,Neutral,Neutral,True,0.2,0.4,0.4
3929,Negative,Neutral,False,0.2,0.6,0.2
6972,Neutral,Negative,False,0.4,0.2,0.4
540,Neutral,Neutral,True,0.2,0.6,0.2
5254,Positive,Neutral,False,0.2,0.4,0.4
9453,Neutral,Positive,False,0.2,0.0,0.8
2401,Negative,Neutral,False,0.0,0.6,0.4
2911,Negative,Negative,True,0.6,0.4,0.0
4614,Neutral,Positive,False,0.4,0.0,0.6
8438,Neutral,Negative,False,0.4,0.2,0.4
7470,Positive,Negative,False,0.4,0.4,0.2
8833,Neutral,Neutral,True,0.2,0.4,0.4
3606,Negative,Negative,True,0.4,0.2,0.4
4145,Neutral,Neutral,True,0.0,0.6,0.4
9943,Negative,Negative,True,0.8,0.2,0.0
3317,Negative,Negative,True,0.6,0.2,0.2
2777,Neutral,Negative,False,0.6,0.2,0.2
394,Neutral,Negative,False,0.4,0.2,0.4
5477,Neutral,Positive,False,0.2,0.2,0.6
8507,Positive,Neutral,False,0.4,0.6,0.0
2544,Negative,Negative,True,0.4,0.4,0.2
8325,Neutral,Neutral,True,0.2,0.4,0.4
4993,Negative,Negative,True,0.4,0.4,0.2
4624,Neutral,Negative,False,0.6,0.2,0.2
4415,Positive,Negative,False,0.4,0.2,0.4
5349,Negative,Neutral,False,0.2,0.4,0.4
4152,Positive,Negative,False,0.4,0.2,0.4
7648,Neutral,Positive,False,0.4,0.0,0.6
2631,Neutral,Negative,False,0.4,0.4,0.2
8317,Negative,Neutral,False,0.2,0.6,0.2
7238,Negative,Negative,True,0.4,0.2,0.4
7649,Neutral,Neutral,True,0.0,0.6,0.4
784,Negative,Neutral,False,0.2,0.6,0.2
3645,Positive,Neutral,False,0.2,0.6,0.2
3201,Positive,Positive,True,0.0,0.4,0.6
7587,Neutral,Negative,False,0.6,0.0,0.4
2358,Positive,Negative,False,0.4,0.2,0.4
6458,Neutral,Positive,False,0.2,0.0,0.8
5397,Negative,Positive,False,0.4,0.0,0.6
3224,Negative,Neutral,False,0.0,0.8,0.2
1856,Neutral,Positive,False,0.2,0.2,0.6
4561,Neutral,Neutral,True,0.0,0.6,0.4
9459,Negative,Neutral,False,0.2,0.6,0.2
8496,Positive,Neutral,False,0.2,0.6,0.2
8603,Negative,Positive,False,0.4,0.0,0.6
9488,Negative,Neutral,False,0.2,0.4,0.4
4703,Neutral,Negative,False,0.6,0.2,0.2
1507,Neutral,Positive,False,0.2,0.2,0.6
9303,Negative,Neutral,False,0.0,0.6,0.4
5373,Positive,Negative,False,0.8,0.0,0.2
4143,Negative,Neutral,False,0.0,0.6,0.4
6546,Neutral,Negative,False,0.4,0.2,0.4
2707,Neutral,Negative,False,0.4,0.4,0.2
9869,Positive,Positive,True,0.0,0.4,0.6
7797,Neutral,Negative,False,0.6,0.2,0.2
4191,Negative,Negative,True,0.6,0.0,0.4
8725,Neutral,Neutral,True,0.2,0.4,0.4
1537,Positive,Positive,True,0.2,0.2,0.6
1471,Negative,Positive,False,0.2,0.0,0.8
8107,Positive,Neutral,False,0.0,0.6,0.4
5222,Neutral,Negative,False,0.4,0.4,0.2
8023,Negative,Negative,True,0.8,0.2,0.0
6912,Negative,Neutral,False,0.2,0.6,0.2
3690,Neutral,Neutral,True,0.2,0.4,0.4
7314,Positive,Neutral,False,0.2,0.6,0.2
1182,Negative,Neutral,False,0.0,0.6,0.4
7952,Neutral,Negative,False,0.6,0.2,0.2
1326,Positive,Negative,False,0.4,0.4,0.2
6304,Negative,Negative,True,0.6,0.2,0.2
4628,Neutral,Negative,False,0.4,0.2,0.4
3105,Positive,Positive,True,0.2,0.0,0.8
7630,Negative,Negative,True,0.4,0.2,0.4
564,Negative,Negative,True,0.6,0.4,0.0
4398,Negative,Neutral,False,0.0,0.8,0.2
3497,Negative,Negative,True,0.8,0.0,0.2
8390,Positive,Negative,False,0.4,0.4,0.2
7993,Neutral,Neutral,True,0.2,0.6,0.2
7980,Neutral,Neutral,True,0.2,0.6,0.2
2654,Negative,Negative,True,0.4,0.2,0.4
1906,Neutral,Negative,False,0.6,0.4,0.0
6367,Positive,Neutral,False,0.2,0.4,0.4
9860,Negative,Neutral,False,0.4,0.6,0.0
536,Negative,Negative,True,0.4,0.2,0.4
6832,Positive,Negative,False,0.4,0.2,0.4
3975,Negative,Negative,True,0.6,0.4,0.0
2051,Negative,Negative,True,0.4,0.2,0.4
3142,Neutral,Positive,False,0.0,0.4,0.6
794,Negative,Neutral,False,0.0,0.6,0.4
6756,Positive,Neutral,False,0.2,0.4,0.4
9918,Neutral,Negative,False,0.8,0.0,0.2
7145,Negative,Neutral,False,0.0,0.6,0.4
6788,Positive,Neutral,False,0.2,0.6,0.2
7226,Positive,Neutral,False,0.2,0.6,0.2
162,Positive,Positive,True,0.0,0.2,0.8
8374,Negative,Neutral,False,0.2,0.4,0.4
2877,Positive,Neutral,False,0.2,0.4,0.4
8827,Negative,Positive,False,0.2,0.2,0.6
3218,Positive,Negative,False,0.6,0.4,0.0
3050,Negative,Positive,False,0.0,0.4,0.6
1973,Neutral,Neutral,True,0.0,0.6,0.4
6067,Neutral,Positive,False,0.2,0.0,0.8
4528,Negative,Negative,True,0.6,0.4,0.0
7078,Positive,Positive,True,0.2,0.2,0.6
217,Negative,Neutral,False,0.2,0.6,0.2
7923,Neutral,Neutral,True,0.2,0.8,0.0
4672,Negative,Neutral,False,0.2,0.4,0.4
600,Negative,Negative,True,0.4,0.4,0.2
8531,Negative,Negative,True,0.6,0.0,0.4
1399,Positive,Positive,True,0.0,0.4,0.6
2627,Neutral,Negative,False,0.8,0.0,0.2
6259,Positive,Negative,False,0.6,0.0,0.4
5445,Negative,Negative,True,0.4,0.2,0.4
5866,Neutral,Positive,False,0.2,0.2,0.6
2351,Positive,Neutral,False,0.2,0.4,0.4
2478,Negative,Negative,True,0.6,0.2,0.2
378,Positive,Neutral,False,0.4,0.6,0.0
2077,Neutral,Positive,False,0.2,0.2,0.6
1734,Positive,Neutral,False,0.0,0.6,0.4
9163,Positive,Negative,False,0.6,0.2,0.2
5983,Positive,Positive,True,0.0,0.4,0.6
8769,Positive,Negative,False,0.4,0.2,0.4
1974,Negative,Neutral,False,0.0,0.6,0.4
7552,Positive,Negative,False,0.6,0.0,0.4
3950,Neutral,Negative,False,0.6,0.0,0.4
2545,Positive,Neutral,False,0.4,0.6,0.0
7018,Negative,Negative,True,0.6,0.2,0.2
7336,Negative,Neutral,False,0.2,0.6,0.2
8261,Positive,Neutral,False,0.2,0.6,0.2
4983,Neutral,Positive,False,0.0,0.2,0.8
8617,Negative,Negative,True,0.4,0.2,0.4
1483,Neutral,Negative,False,0.4,0.2,0.4
4653,Positive,Negative,False,0.4,0.2,0.4
2452,Neutral,Negative,False,0.4,0.2,0.4
9007,Neutral,Negative,False,0.4,0.2,0.4
7625,Negative,Negative,True,0.6,0.4,0.0
3980,Positive,Positive,True,0.2,0.2,0.6
9542,Neutral,Positive,False,0.0,0.4,0.6
6954,Negative,Negative,True,0.6,0.4,0.0
6726,Positive,Positive,True,0.2,0.2,0.6
163,Negative,Neutral,False,0.4,0.6,0.0
8611,Negative,Neutral,False,0.2,0.4,0.4
6366,Neutral,Negative,False,0.4,0.4,0.2
5012,Positive,Negative,False,0.6,0.2,0.2
4660,Positive,Neutral,False,0.4,0.6,0.0
6425,Positive,Neutral,False,0.2,0.6,0.2
294,Negative,Negative,True,0.6,0.4,0.0
8572,Positive,Negative,False,0.6,0.0,0.4
7924,Negative,Negative,True,0.6,0.4,0.0
1718,Negative,Neutral,False,0.2,0.6,0.2
4155,Negative,Positive,False,0.2,0.0,0.8
7540,Positive,Negative,False,0.6,0.2,0.2
408,Negative,Negative,True,0.6,0.2,0.2
3751,Neutral,Negative,False,0.6,0.2,0.2
1803,Positive,Positive,True,0.2,0.2,0.6
3466,Positive,Negative,False,0.4,0.2,0.4
9144,Neutral,Negative,False,0.4,0.4,0.2
5519,Neutral,Positive,False,0.0,0.4,0.6
9068,Negative,Neutral,False,0.2,0.8,0.0
1861,Positive,Negative,False,0.4,0.2,0.4
6970,Positive,Negative,False,0.4,0.4,0.2
9301,Positive,Neutral,False,0.2,0.4,0.4
6761,Negative,Negative,True,0.4,0.2,0.4
2072,Neutral,Positive,False,0.2,0.2,0.6
4472,Positive,Neutral,False,0.2,0.4,0.4
9070,Negative,Positive,False,0.2,0.2,0.6
9873,Positive,Negative,False,0.6,0.2,0.2
2874,Neutral,Negative,False,0.8,0.0,0.2
3885,Positive,Negative,False,0.6,0.2,0.2
9613,Negative,Neutral,False,0.0,0.6,0.4
9789,Neutral,Negative,False,0.6,0.4,0.0
6027,Neutral,Neutral,True,0.0,0.6,0.4
2007,Neutral,Negative,False,0.4,0.2,0.4
8857,Positive,Neutral,False,0.4,0.6,0.0
3554,Negative,Negative,True,0.6,0.0,0.4
1917,Negative,Neutral,False,0.0,0.8,0.2
4214,Neutral,Positive,False,0.0,0.4,0.6
3308,Positive,Neutral,False,0.0,0.8,0.2
5124,Neutral,Negative,False,0.6,0.2,0.2
9757,Negative,Negative,True,0.6,0.0,0.4
2558,Neutral,Negative,False,0.6,0.4,0.0
9514,Positive,Negative,False,0.4,0.2,0.4
4855,Negative,Positive,False,0.4,0.0,0.6
6858,Negative,Negative,True,0.6,0.4,0.0
5793,Negative,Positive,False,0.4,0.0,0.6
677,Positive,Positive,True,0.4,0.0,0.6
1235,Positive,Neutral,False,0.2,0.4,0.4
5857,Negative,Negative,True,0.6,0.4,0.0
9647,Neutral,Positive,False,0.2,0.0,0.8
3447,Positive,Negative,False,0.4,0.2,0.4
769,Positive,Neutral,False,0.2,0.4,0.4
7072,Negative,Neutral,False,0.4,0.6,0.0
7800,Neutral,Neutral,True,0.2,0.4,0.4
8570,Negative,Positive,False,0.2,0.2,0.6
634,Negative,Neutral,False,0.2,0.4,0.4
6283,Negative,Neutral,False,0.2,0.4,0.4
63,Neutral,Neutral,True,0.2,0.8,0.0
7969,Negative,Positive,False,0.2,0.2,0.6
2998,Neutral,Positive,False,0.2,0.2,0.6
299,Positive,Positive,True,0.2,0.0,0.8
6452,Neutral,Negative,False,0.6,0.0,0.4
6289,Positive,Negative,False,0.4,0.2,0.4
2992,Negative,Negative,True,0.4,0.2,0.4
5542,Neutral,Neutral,True,0.2,0.4,0.4
6163,Neutral,Neutral,True,0.4,0.6,0.0
7814,Neutral,Positive,False,0.2,0.2,0.6
6782,Neutral,Positive,False,0.4,0.0,0.6
4232,Negative,Negative,True,0.4,0.4,0.2
6026,Positive,Neutral,False,0.0,0.6,0.4
5266,Negative,Positive,False,0.4,0.0,0.6
7472,Neutral,Negative,False,0.4,0.2,0.4
8432,Positive,Neutral,False,0.4,0.6,0.0
317,Negative,Negative,True,0.4,0.2,0.4
9615,Neutral,Negative,False,0.6,0.0,0.4
3154,Negative,Negative,True,0.6,0.0,0.4
5566,Neutral,Neutral,True,0.2,0.6,0.2
4498,Positive,Neutral,False,0.4,0.6,0.0
2887,Positive,Negative,False,0.4,0.2,0.4
8144,Positive,Negative,False,0.4,0.4,0.2
8397,Neutral,Positive,False,0.4,0.0,0.6
8213,Negative,Negative,True,0.4,0.4,0.2
1093,Positive,Neutral,False,0.0,0.6,0.4
6792,Negative,Negative,True,0.6,0.2,0.2
984,Negative,Positive,False,0.0,0.4,0.6
848,Negative,Negative,True,0.4,0.4,0.2
8688,Positive,Negative,False,0.8,0.2,0.0
6610,Positive,Positive,True,0.2,0.0,0.8
4197,Positive,Neutral,False,0.0,0.8,0.2
3189,Neutral,Negative,False,0.6,0.2,0.2
2382,Negative,Neutral,False,0.2,0.6,0.2
3488,Negative,Negative,True,0.6,0.4,0.0
2779,Neutral,Positive,False,0.2,0.2,0.6
5043,Negative,Negative,True,0.4,0.2,0.4
9071,Negative,Negative,True,0.4,0.4,0.2
9222,Negative,Neutral,False,0.0,0.8,0.2
5928,Neutral,Neutral,True,0.2,0.6,0.2
6203,Neutral,Negative,False,0.4,0.4,0.2
4896,Neutral,Negative,False,0.4,0.4,0.2
1735,Positive,Positive,True,0.2,0.0,0.8
901,Negative,Neutral,False,0.2,0.4,0.4
6844,Positive,Positive,True,0.2,0.2,0.6
2423,Neutral,Neutral,True,0.4,0.6,0.0
2832,Neutral,Neutral,True,0.2,0.4,0.4
8960,Negative,Positive,False,0.4,0.0,0.6
6754,Negative,Neutral,False,0.0,0.8,0.2
2229,Positive,Neutral,False,0.0,0.6,0.4
6063,Positive,Neutral,False,0.4,0.6,0.0
9476,Positive,Negative,False,0.4,0.2,0.4
7102,Negative,Positive,False,0.2,0.2,0.6
3388,Neutral,Neutral,True,0.2,0.4,0.4
2597,Positive,Positive,True,0.2,0.2,0.6
8319,Negative,Neutral,False,0.2,0.4,0.4
7128,Positive,Neutral,False,0.2,0.4,0.4
624,Positive,Negative,False,0.4,0.4,0.2
5651,Positive,Neutral,False,0.0,1.0,0.0
3393,Positive,Neutral,False,0.2,0.8,0.0
4804,Negative,Positive,False,0.2,0.2,0.6
5122,Neutral,Neutral,True,0.4,0.6,0.0
5561,Neutral,Negative,False,0.4,0.4,0.2
5955,Negative,Neutral,False,0.2,0.6,0.2
4652,Negative,Positive,False,0.2,0.2,0.6
9491,Neutral,Negative,False,0.4,0.4,0.2
9699,Positive,Positive,True,0.2,0.0,0.8
2273,Negative,Positive,False,0.2,0.2,0.6
3415,Positive,Neutral,False,0.4,0.6,0.0
9019,Negative,Positive,False,0.0,0.2,0.8
3326,Neutral,Negative,False,0.4,0.4,0.2
6068,Neutral,Negative,False,0.4,0.2,0.4
1659,Positive,Neutral,False,0.2,0.4,0.4
681,Positive,Negative,False,0.6,0.2,0.2
8175,Positive,Negative,False,0.6,0.0,0.4
2924,Negative,Positive,False,0.2,0.2,0.6
7245,Positive,Negative,False,0.6,0.2,0.2
7348,Negative,Neutral,False,0.2,0.6,0.2
5051,Positive,Negative,False,0.6,0.2,0.2
5155,Positive,Positive,True,0.2,0.2,0.6
6183,Neutral,Neutral,True,0.2,0.4,0.4
9413,Negative,Negative,True,0.4,0.2,0.4
7709,Negative,Positive,False,0.2,0.0,0.8
1808,Positive,Neutral,False,0.2,0.4,0.4
6588,Negative,Negative,True,0.6,0.0,0.4
2034,Neutral,Positive,False,0.4,0.0,0.6
7094,Neutral,Neutral,True,0.2,0.6,0.2
3061,Negative,Negative,True,0.4,0.4,0.2
6961,Neutral,Neutral,True,0.2,0.4,0.4
4560,Negative,Positive,False,0.0,0.4,0.6
3865,Negative,Negative,True,0.6,0.4,0.0
7466,Neutral,Negative,False,0.4,0.4,0.2
1246,Negative,Negative,True,0.4,0.2,0.4
9877,Positive,Negative,False,0.4,0.4,0.2
5865,Negative,Neutral,False,0.0,0.6,0.4
3722,Positive,Neutral,False,0.2,0.4,0.4
3139,Neutral,Neutral,True,0.2,0.6,0.2
5048,Negative,Neutral,False,0.2,0.4,0.4
7781,Positive,Negative,False,0.6,0.2,0.2
9343,Negative,Negative,True,0.4,0.2,0.4
2112,Neutral,Negative,False,0.4,0.2,0.4
6687,Positive,Positive,True,0.4,0.0,0.6
7832,Negative,Neutral,False,0.2,0.6,0.2
5161,Negative,Positive,False,0.2,0.2,0.6
3703,Negative,Neutral,False,0.2,0.4,0.4
6173,Positive,Positive,True,0.0,0.4,0.6
6508,Negative,Neutral,False,0.2,0.4,0.4
3176,Neutral,Negative,False,0.8,0.2,0.0
9834,Neutral,Neutral,True,0.2,0.6,0.2
1192,Negative,Positive,False,0.2,0.2,0.6
7345,Negative,Neutral,False,0.2,0.6,0.2
4513,Positive,Neutral,False,0.2,0.6,0.2
7895,Positive,Positive,True,0.2,0.2,0.6
6249,Positive,Negative,False,0.8,0.0,0.2
9142,Positive,Negative,False,0.4,0.2,0.4
53,Positive,Neutral,False,0.4,0.6,0.0
4351,Positive,Positive,True,0.4,0.0,0.6
2541,Positive,Neutral,False,0.2,0.6,0.2
2052,Positive,Neutral,False,0.2,0.6,0.2
7732,Neutral,Positive,False,0.0,0.4,0.6
7538,Negative,Negative,True,0.6,0.0,0.4
366,Positive,Neutral,False,0.2,0.4,0.4
9980,Neutral,Negative,False,0.4,0.4,0.2
8443,Positive,Positive,True,0.0,0.2,0.8
1102,Negative,Neutral,False,0.4,0.6,0.0
6343,Neutral,Negative,False,0.4,0.4,0.2
6357,Negative,Negative,True,0.6,0.2,0.2
2150,Negative,Negative,True,0.4,0.4,0.2
4414,Negative,Negative,True,0.6,0.2,0.2
2720,Positive,Negative,False,0.4,0.4,0.2
9592,Negative,Neutral,False,0.2,0.6,0.2
6075,Neutral,Negative,False,0.8,0.0,0.2
1684,Negative,Negative,True,0.8,0.2,0.0
7907,Neutral,Neutral,True,0.2,0.8,0.0
7494,Negative,Positive,False,0.0,0.4,0.6
3293,Neutral,Negative,False,0.6,0.2,0.2
5170,Negative,Neutral,False,0.2,0.4,0.4
3990,Positive,Negative,False,0.4,0.4,0.2
2024,Neutral,Positive,False,0.0,0.4,0.6
7654,Neutral,Negative,False,0.4,0.2,0.4
7663,Positive,Negative,False,0.6,0.2,0.2
3684,Negative,Negative,True,0.4,0.2,0.4
133,Positive,Neutral,False,0.2,0.4,0.4
4409,Neutral,Positive,False,0.2,0.2,0.6
609,Positive,Neutral,False,0.2,0.4,0.4
7578,Neutral,Neutral,True,0.2,0.6,0.2
3318,Positive,Negative,False,0.6,0.2,0.2
8239,Negative,Negative,True,0.4,0.4,0.2
6781,Neutral,Neutral,True,0.2,0.4,0.4
9331,Neutral,Negative,False,0.4,0.2,0.4
3484,Positive,Neutral,False,0.2,0.4,0.4
6474,Neutral,Negative,False,0.4,0.2,0.4
8479,Negative,Neutral,False,0.0,0.8,0.2
5115,Negative,Negative,True,0.4,0.2,0.4
5959,Negative,Negative,True,0.6,0.2,0.2
2834,Negative,Negative,True,0.4,0.4,0.2
9898,Positive,Negative,False,0.4,0.4,0.2
8829,Neutral,Positive,False,0.0,0.0,1.0
4697,Neutral,Positive,False,0.0,0.4,0.6
6630,Positive,Positive,True,0.0,0.4,0.6
9655,Positive,Neutral,False,0.0,0.8,0.2
1204,Positive,Negative,False,0.4,0.2,0.4
8093,Positive,Negative,False,0.4,0.4,0.2
2939,Positive,Negative,False,0.4,0.2,0.4
4357,Positive,Neutral,False,0.2,0.6,0.2
3453,Negative,Negative,True,0.4,0.4,0.2
2956,Positive,Negative,False,0.6,0.2,0.2
4251,Positive,Negative,False,0.8,0.2,0.0
2562,Positive,Neutral,False,0.2,0.6,0.2
161,Positive,Negative,False,0.4,0.2,0.4
3545,Positive,Negative,False,0.4,0.2,0.4
8558,Negative,Negative,True,0.6,0.2,0.2
1903,Neutral,Negative,False,0.6,0.2,0.2
9833,Neutral,Neutral,True,0.2,0.6,0.2
8540,Negative,Positive,False,0.2,0.2,0.6
5481,Neutral,Negative,False,0.4,0.2,0.4
6337,Negative,Negative,True,0.6,0.2,0.2
144,Positive,Negative,False,0.6,0.0,0.4
914,Neutral,Neutral,True,0.2,0.6,0.2
4603,Positive,Neutral,False,0.2,0.4,0.4
7493,Negative,Negative,True,0.4,0.2,0.4
7634,Negative,Negative,True,0.4,0.4,0.2
7618,Positive,Neutral,False,0.2,0.4,0.4
9003,Neutral,Negative,False,0.6,0.2,0.2
7792,Positive,Positive,True,0.2,0.2,0.6
254,Positive,Positive,True,0.0,0.4,0.6
6302,Positive,Positive,True,0.4,0.0,0.6
1611,Negative,Negative,True,0.6,0.2,0.2
7380,Neutral,Neutral,True,0.4,0.6,0.0
5215,Positive,Negative,False,0.4,0.2,0.4
730,Negative,Positive,False,0.4,0.0,0.6
5354,Positive,Positive,True,0.0,0.4,0.6
7481,Positive,Neutral,False,0.4,0.6,0.0
7955,Positive,Negative,False,0.4,0.4,0.2
2940,Positive,Negative,False,0.4,0.2,0.4
4825,Positive,Positive,True,0.2,0.2,0.6
3179,Negative,Neutral,False,0.2,0.6,0.2
6487,Neutral,Neutral,True,0.2,0.4,0.4
8808,Neutral,Neutral,True,0.4,0.6,0.0
6450,Negative,Negative,True,0.4,0.2,0.4
653,Positive,Negative,False,0.4,0.4,0.2
8719,Negative,Negative,True,0.6,0.4,0.0
3237,Neutral,Neutral,True,0.4,0.6,0.0
4386,Neutral,Negative,False,0.6,0.2,0.2
7231,Neutral,Neutral,True,0.2,0.6,0.2
6811,Positive,Negative,False,0.4,0.2,0.4
9777,Negative,Neutral,False,0.0,0.8,0.2
3654,Positive,Neutral,False,0.0,1.0,0.0
2203,Negative,Positive,False,0.2,0.2,0.6
9180,Negative,Negative,True,0.6,0.2,0.2
5418,Positive,Neutral,False,0.2,0.4,0.4
3802,Neutral,Neutral,True,0.2,0.4,0.4
8222,Negative,Negative,True,0.6,0.4,0.0
9268,Positive,Negative,False,0.6,0.2,0.2
6866,Positive,Positive,True,0.0,0.4,0.6
2460,Negative,Neutral,False,0.2,0.4,0.4
2666,Neutral,Negative,False,0.4,0.4,0.2
2499,Negative,Negative,True,0.4,0.4,0.2
8218,Negative,Positive,False,0.4,0.0,0.6
9784,Positive,Negative,False,0.4,0.2,0.4
1142,Positive,Positive,True,0.2,0.2,0.6
929,Negative,Positive,False,0.4,0.0,0.6
8363,Negative,Neutral,False,0.0,0.6,0.4
1023,Positive,Neutral,False,0.2,0.6,0.2
9185,Neutral,Neutral,True,0.2,0.6,0.2
5212,Neutral,Neutral,True,0.2,0.6,0.2
4222,Positive,Negative,False,0.6,0.2,0.2
5695,Neutral,Neutral,True,0.2,0.6,0.2
1181,Positive,Negative,False,0.6,0.2,0.2
4626,Neutral,Neutral,True,0.2,0.4,0.4
7977,Negative,Positive,False,0.2,0.0,0.8
9813,Positive,Negative,False,0.6,0.2,0.2
4466,Neutral,Negative,False,0.6,0.4,0.0
7537,Negative,Neutral,False,0.2,0.4,0.4
760,Positive,Negative,False,0.8,0.2,0.0
4681,Neutral,Positive,False,0.0,0.4,0.6
5132,Negative,Negative,True,0.4,0.2,0.4
6098,Negative,Negative,True,0.4,0.4,0.2
5769,Positive,Negative,False,0.4,0.2,0.4
7255,Neutral,Neutral,True,0.2,0.4,0.4
7266,Neutral,Negative,False,0.6,0.2,0.2
6624,Negative,Neutral,False,0.2,0.4,0.4
1777,Negative,Negative,True,0.4,0.4,0.2
1159,Neutral,Positive,False,0.2,0.2,0.6
119,Neutral,Neutral,True,0.2,0.6,0.2
4475,Positive,Positive,True,0.2,0.2,0.6
3055,Neutral,Positive,False,0.4,0.0,0.6
7011,Positive,Neutral,False,0.2,0.4,0.4
5670,Neutral,Negative,False,0.4,0.2,0.4
5147,Positive,Negative,False,0.6,0.2,0.2
4943,Neutral,Positive,False,0.2,0.0,0.8
4822,Negative,Negative,True,0.4,0.4,0.2
1368,Negative,Negative,True,0.4,0.4,0.2
220,Positive,Negative,False,0.6,0.0,0.4
9280,Neutral,Positive,False,0.2,0.2,0.6
7519,Negative,Negative,True,0.6,0.0,0.4
8578,Positive,Neutral,False,0.2,0.6,0.2
8974,Positive,Positive,True,0.0,0.2,0.8
5766,Negative,Neutral,False,0.2,0.4,0.4
3763,Positive,Negative,False,0.4,0.4,0.2
1910,Neutral,Negative,False,0.4,0.2,0.4
8555,Positive,Neutral,False,0.4,0.6,0.0
6553,Neutral,Negative,False,0.4,0.4,0.2
1610,Positive,Negative,False,0.6,0.2,0.2
8293,Positive,Negative,False,0.4,0.2,0.4
6011,Positive,Positive,True,0.0,0.2,0.8
8936,Neutral,Neutral,True,0.0,0.6,0.4
9781,Neutral,Neutral,True,0.2,0.6,0.2
204,Neutral,Negative,False,0.6,0.4,0.0
9236,Negative,Negative,True,0.6,0.4,0.0
9997,Neutral,Neutral,True,0.2,0.4,0.4
1069,Neutral,Neutral,True,0.2,0.6,0.2
9565,Neutral,Negative,False,0.4,0.2,0.4
5814,Negative,Neutral,False,0.0,0.6,0.4
129,Positive,Positive,True,0.2,0.2,0.6
3685,Positive,Neutral,False,0.2,0.6,0.2
8984,Negative,Positive,False,0.2,0.2,0.6
3526,Negative,Positive,False,0.0,0.2,0.8
3251,Neutral,Positive,False,0.0,0.2,0.8
6991,Negative,Neutral,False,0.2,0.4,0.4
9848,Neutral,Negative,False,0.6,0.2,0.2
8517,Positive,Negative,False,0.4,0.2,0.4
1151,Neutral,Negative,False,0.4,0.2,0.4
6820,Positive,Neutral,False,0.2,0.4,0.4
9952,Neutral,Positive,False,0.4,0.0,0.6
5731,Positive,Neutral,False,0.2,0.4,0.4
9616,Positive,Positive,True,0.0,0.4,0.6
9146,Negative,Neutral,False,0.2,0.6,0.2
5171,Neutral,Negative,False,0.6,0.2,0.2
7434,Positive,Negative,False,0.4,0.4,0.2
5511,Negative,Positive,False,0.0,0.2,0.8
4545,Neutral,Negative,False,0.4,0.2,0.4
7073,Negative,Positive,False,0.2,0.2,0.6
6652,Negative,Neutral,False,0.2,0.6,0.2
6492,Positive,Positive,True,0.0,0.2,0.8
7806,Positive,Neutral,False,0.2,0.4,0.4
4688,Negative,Neutral,False,0.2,0.6,0.2
5681,Negative,Negative,True,0.8,0.0,0.2
8689,Positive,Neutral,False,0.2,0.4,0.4
384,Negative,Neutral,False,0.2,0.4,0.4
5117,Neutral,Positive,False,0.0,0.4,0.6
4406,Neutral,Negative,False,0.4,0.2,0.4
6226,Positive,Negative,False,0.4,0.2,0.4
762,Negative,Negative,True,0.4,0.4,0.2
8262,Neutral,Neutral,True,0.2,0.4,0.4
4613,Positive,Negative,False,0.4,0.2,0.4
9209,Positive,Negative,False,0.4,0.4,0.2
6216,Positive,Negative,False,1.0,0.0,0.0
2920,Negative,Neutral,False,0.2,0.6,0.2
8953,Neutral,Negative,False,0.6,0.2,0.2
5441,Negative,Negative,True,0.4,0.4,0.2
5962,Negative,Neutral,False,0.2,0.4,0.4
1898,Negative,Neutral,False,0.2,0.4,0.4
7143,Negative,Negative,True,0.4,0.2,0.4
9223,Positive,Neutral,False,0.0,0.6,0.4
550,Positive,Positive,True,0.0,0.4,0.6
9035,Negative,Negative,True,0.4,0.4,0.2
5280,Neutral,Neutral,True,0.0,0.6,0.4
2035,Positive,Negative,False,0.4,0.2,0.4
3206,Negative,Positive,False,0.2,0.2,0.6
9987,Neutral,Positive,False,0.2,0.0,0.8
7124,Positive,Negative,False,0.4,0.2,0.4
8009,Neutral,Neutral,True,0.2,0.6,0.2
3471,Negative,Positive,False,0.2,0.0,0.8
8056,Neutral,Negative,False,0.6,0.4,0.0
2564,Negative,Neutral,False,0.2,0.4,0.4
2866,Neutral,Negative,False,0.6,0.4,0.0
3745,Neutral,Negative,False,0.4,0.2,0.4
7755,Negative,Negative,True,0.6,0.0,0.4
3604,Negative,Neutral,False,0.2,0.6,0.2
1874,Neutral,Negative,False,0.4,0.4,0.2
9716,Negative,Neutral,False,0.0,0.6,0.4
1550,Positive,Neutral,False,0.0,0.8,0.2
1408,Negative,Negative,True,0.4,0.4,0.2
5647,Positive,Negative,False,0.4,0.2,0.4
9318,Negative,Positive,False,0.4,0.0,0.6
1229,Neutral,Negative,False,0.6,0.4,0.0
2049,Neutral,Negative,False,0.4,0.4,0.2
1961,Positive,Negative,False,0.4,0.4,0.2
1968,Negative,Neutral,False,0.2,0.6,0.2
4972,Negative,Neutral,False,0.0,0.6,0.4
4832,Neutral,Negative,False,0.4,0.4,0.2
4315,Positive,Negative,False,0.6,0.2,0.2
2790,Neutral,Neutral,True,0.2,0.6,0.2
7721,Negative,Positive,False,0.2,0.0,0.8
3417,Neutral,Positive,False,0.2,0.2,0.6
6127,Positive,Positive,True,0.2,0.0,0.8
4836,Neutral,Neutral,True,0.2,0.6,0.2
1283,Positive,Neutral,False,0.2,0.4,0.4
1598,Neutral,Negative,False,0.4,0.4,0.2
9074,Negative,Neutral,False,0.2,0.6,0.2
5101,Negative,Positive,False,0.2,0.2,0.6
3043,Neutral,Positive,False,0.0,0.2,0.8
2326,Neutral,Neutral,True,0.2,0.6,0.2
5232,Negative,Positive,False,0.4,0.0,0.6
5011,Neutral,Neutral,True,0.0,0.6,0.4
3919,Positive,Positive,True,0.0,0.4,0.6
9231,Neutral,Negative,False,0.4,0.4,0.2
5886,Neutral,Neutral,True,0.2,0.6,0.2
8284,Neutral,Negative,False,0.4,0.4,0.2
626,Negative,Neutral,False,0.2,0.6,0.2
5133,Negative,Neutral,False,0.0,0.6,0.4
3535,Positive,Positive,True,0.0,0.0,1.0
4975,Negative,Negative,True,0.4,0.2,0.4
5694,Positive,Neutral,False,0.0,0.6,0.4
1441,Neutral,Negative,False,0.6,0.4,0.0
4951,Neutral,Negative,False,0.4,0.2,0.4
6742,Positive,Negative,False,0.4,0.4,0.2
156,Positive,Positive,True,0.0,0.4,0.6
748,Neutral,Positive,False,0.4,0.0,0.6
1850,Positive,Negative,False,0.6,0.0,0.4
516,Neutral,Positive,False,0.0,0.4,0.6
4587,Negative,Negative,True,0.4,0.2,0.4
9073,Positive,Negative,False,0.6,0.2,0.2
3289,Neutral,Neutral,True,0.2,0.6,0.2
4025,Negative,Positive,False,0.4,0.0,0.6
599,Negative,Positive,False,0.2,0.2,0.6
2983,Neutral,Negative,False,0.4,0.4,0.2
4716,Neutral,Negative,False,0.4,0.4,0.2
9465,Positive,Negative,False,0.4,0.4,0.2
6578,Negative,Negative,True,0.4,0.2,0.4
7778,Positive,Neutral,False,0.0,1.0,0.0
3785,Negative,Positive,False,0.2,0.2,0.6
3658,Positive,Negative,False,0.6,0.0,0.4
3901,Negative,Negative,True,0.6,0.2,0.2
2308,Negative,Negative,True,0.6,0.2,0.2
1957,Positive,Neutral,False,0.2,0.8,0.0
7532,Neutral,Negative,False,0.4,0.2,0.4
6058,Positive,Neutral,False,0.4,0.6,0.0
2917,Negative,Negative,True,0.6,0.2,0.2
7089,Neutral,Negative,False,0.8,0.2,0.0
2366,Negative,Positive,False,0.4,0.0,0.6
5,Positive,Negative,False,0.6,0.4,0.0
6964,Positive,Neutral,False,0.2,0.4,0.4
5429,Neutral,Neutral,True,0.2,0.6,0.2
2880,Neutral,Neutral,True,0.2,0.4,0.4
7426,Positive,Negative,False,0.6,0.4,0.0
7672,Negative,Positive,False,0.0,0.4,0.6
9081,Positive,Neutral,False,0.2,0.6,0.2
9051,Positive,Negative,False,0.4,0.2,0.4
5514,Positive,Neutral,False,0.4,0.6,0.0
9728,Neutral,Positive,False,0.0,0.2,0.8
2251,Negative,Negative,True,0.6,0.4,0.0
2718,Neutral,Negative,False,0.6,0.2,0.2
6048,Negative,Negative,True,0.4,0.4,0.2
246,Positive,Negative,False,0.4,0.4,0.2
5402,Negative,Negative,True,0.4,0.2,0.4
6942,Negative,Negative,True,0.4,0.4,0.2
2769,Neutral,Neutral,True,0.2,0.4,0.4
4325,Neutral,Neutral,True,0.2,0.4,0.4
5888,Positive,Positive,True,0.0,0.2,0.8
6758,Negative,Negative,True,0.4,0.2,0.4
7714,Negative,Neutral,False,0.0,0.8,0.2
1247,Negative,Positive,False,0.2,0.2,0.6
7185,Negative,Negative,True,0.4,0.4,0.2
3771,Negative,Negative,True,0.4,0.2,0.4
1094,Positive,Neutral,False,0.2,0.6,0.2
6771,Negative,Neutral,False,0.2,0.4,0.4
5574,Positive,Negative,False,0.8,0.0,0.2
267,Neutral,Negative,False,0.4,0.4,0.2
6582,Positive,Negative,False,0.4,0.4,0.2
467,Neutral,Neutral,True,0.4,0.6,0.0
8842,Neutral,Neutral,True,0.2,0.4,0.4
1977,Positive,Positive,True,0.0,0.4,0.6
9502,Negative,Positive,False,0.4,0.0,0.6
2964,Positive,Neutral,False,0.2,0.6,0.2
9168,Neutral,Positive,False,0.2,0.2,0.6
3448,Negative,Neutral,False,0.2,0.8,0.0
3315,Negative,Positive,False,0.2,0.2,0.6
7533,Positive,Neutral,False,0.2,0.6,0.2
9668,Positive,Negative,False,0.6,0.4,0.0
277,Positive,Positive,True,0.2,0.0,0.8
398,Positive,Positive,True,0.2,0.2,0.6
4370,Neutral,Neutral,True,0.2,0.6,0.2
6810,Positive,Neutral,False,0.2,0.4,0.4
383,Positive,Negative,False,0.8,0.0,0.2
2305,Positive,Negative,False,0.4,0.4,0.2
1503,Negative,Negative,True,0.4,0.2,0.4
8344,Neutral,Negative,False,0.6,0.2,0.2
2902,Positive,Neutral,False,0.2,0.4,0.4
2709,Neutral,Neutral,True,0.2,0.6,0.2
1531,Negative,Positive,False,0.0,0.4,0.6
5343,Neutral,Neutral,True,0.2,0.6,0.2
3524,Positive,Neutral,False,0.2,0.4,0.4
8934,Positive,Negative,False,0.4,0.4,0.2
1765,Neutral,Positive,False,0.0,0.4,0.6
2190,Negative,Negative,True,0.6,0.4,0.0
6002,Neutral,Negative,False,0.4,0.2,0.4
7151,Negative,Negative,True,0.4,0.4,0.2
4042,Neutral,Neutral,True,0.2,0.4,0.4
5539,Negative,Neutral,False,0.2,0.4,0.4
9606,Neutral,Positive,False,0.2,0.2,0.6
5852,Neutral,Positive,False,0.2,0.0,0.8
5564,Neutral,Neutral,True,0.2,0.4,0.4
8224,Negative,Positive,False,0.4,0.0,0.6
1631,Positive,Negative,False,0.8,0.2,0.0
5585,Neutral,Neutral,True,0.2,0.6,0.2
2885,Neutral,Positive,False,0.0,0.4,0.6
3727,Negative,Neutral,False,0.0,0.8,0.2
4673,Negative,Negative,True,0.6,0.4,0.0
1002,Negative,Negative,True,0.4,0.2,0.4
3347,Neutral,Neutral,True,0.0,0.6,0.4
2399,Negative,Negative,True,0.6,0.2,0.2
3511,Positive,Positive,True,0.0,0.2,0.8
8463,Negative,Neutral,False,0.2,0.6,0.2
1224,Positive,Positive,True,0.0,0.2,0.8
8789,Negative,Positive,False,0.0,0.2,0.8
8327,Neutral,Negative,False,0.8,0.2,0.0
6572,Neutral,Negative,False,0.6,0.2,0.2
1519,Positive,Neutral,False,0.2,0.4,0.4
7550,Negative,Neutral,False,0.2,0.4,0.4
3476,Positive,Negative,False,0.4,0.2,0.4
9382,Neutral,Positive,False,0.2,0.2,0.6
7324,Neutral,Neutral,True,0.2,0.4,0.4
9910,Positive,Neutral,False,0.2,0.6,0.2
8229,Negative,Positive,False,0.4,0.0,0.6
1676,Negative,Positive,False,0.2,0.2,0.6
9909,Neutral,Neutral,True,0.4,0.6,0.0
5103,Negative,Positive,False,0.4,0.0,0.6
8343,Negative,Positive,False,0.2,0.2,0.6
2768,Positive,Neutral,False,0.2,0.4,0.4
3354,Neutral,Negative,False,0.6,0.4,0.0
6797,Positive,Negative,False,0.6,0.0,0.4
9441,Negative,Negative,True,0.6,0.2,0.2
3120,Positive,Positive,True,0.2,0.0,0.8
4242,Positive,Negative,False,0.4,0.2,0.4
2592,Neutral,Negative,False,0.6,0.2,0.2
2228,Negative,Neutral,False,0.2,0.6,0.2
9,Negative,Neutral,False,0.2,0.4,0.4
1758,Positive,Neutral,False,0.2,0.6,0.2
8792,Neutral,Neutral,True,0.2,0.4,0.4
9762,Neutral,Negative,False,0.6,0.0,0.4
211,Positive,Negative,False,0.8,0.0,0.2
2712,Negative,Positive,False,0.2,0.2,0.6
4519,Positive,Neutral,False,0.2,0.6,0.2
1896,Positive,Neutral,False,0.2,0.6,0.2
8182,Positive,Negative,False,0.4,0.2,0.4
4238,Negative,Positive,False,0.2,0.2,0.6
1367,Positive,Negative,False,0.4,0.2,0.4
2587,Positive,Neutral,False,0.2,0.4,0.4
6918,Positive,Positive,True,0.2,0.2,0.6
6685,Negative,Negative,True,0.6,0.4,0.0
8620,Neutral,Negative,False,0.4,0.4,0.2
4053,Positive,Negative,False,0.6,0.2,0.2
5960,Neutral,Positive,False,0.0,0.2,0.8
2493,Positive,Negative,False,0.6,0.2,0.2
587,Positive,Neutral,False,0.2,0.4,0.4
367,Positive,Positive,True,0.2,0.2,0.6
3882,Negative,Neutral,False,0.2,0.6,0.2
184,Positive,Neutral,False,0.2,0.4,0.4
8493,Positive,Negative,False,0.4,0.4,0.2
9651,Positive,Neutral,False,0.4,0.6,0.0
1908,Positive,Neutral,False,0.2,0.4,0.4
3243,Negative,Neutral,False,0.2,0.6,0.2
2281,Positive,Negative,False,0.4,0.4,0.2
4793,Neutral,Negative,False,0.4,0.4,0.2
777,Positive,Neutral,False,0.2,0.6,0.2
9531,Negative,Neutral,False,0.2,0.4,0.4
1579,Neutral,Positive,False,0.2,0.2,0.6
8924,Neutral,Neutral,True,0.0,0.6,0.4
3421,Positive,Neutral,False,0.0,0.8,0.2
3178,Neutral,Negative,False,0.6,0.4,0.0
3081,Neutral,Negative,False,0.4,0.4,0.2
1818,Neutral,Negative,False,0.4,0.4,0.2
6604,Negative,Negative,True,0.6,0.0,0.4
9540,Negative,Neutral,False,0.2,0.8,0.0
2760,Neutral,Neutral,True,0.4,0.6,0.0
3921,Positive,Neutral,False,0.0,0.6,0.4
1475,Negative,Neutral,False,0.0,0.6,0.4
6646,Neutral,Neutral,True,0.2,0.4,0.4
1449,Positive,Neutral,False,0.4,0.6,0.0
7773,Positive,Neutral,False,0.2,0.4,0.4
2873,Neutral,Neutral,True,0.4,0.6,0.0
7051,Negative,Neutral,False,0.2,0.4,0.4
5422,Neutral,Neutral,True,0.0,0.6,0.4
8641,Negative,Neutral,False,0.2,0.6,0.2
2724,Neutral,Neutral,True,0.2,0.4,0.4
1613,Positive,Neutral,False,0.0,0.8,0.2
9143,Neutral,Negative,False,0.4,0.4,0.2
9669,Negative,Negative,True,0.4,0.4,0.2
7725,Negative,Neutral,False,0.2,0.6,0.2
6843,Neutral,Negative,False,1.0,0.0,0.0
3564,Neutral,Neutral,True,0.2,0.4,0.4
9040,Neutral,Neutral,True,0.2,0.8,0.0
2634,Negative,Neutral,False,0.2,0.4,0.4
9307,Negative,Positive,False,0.2,0.2,0.6
7886,Positive,Positive,True,0.0,0.2,0.8
5385,Neutral,Neutral,True,0.2,0.4,0.4
1506,Negative,Negative,True,0.4,0.2,0.4
3186,Neutral,Positive,False,0.2,0.2,0.6
8464,Neutral,Negative,False,0.8,0.0,0.2
3523,Negative,Neutral,False,0.2,0.4,0.4
2633,Positive,Negative,False,0.4,0.4,0.2
5307,Neutral,Positive,False,0.4,0.0,0.6
2495,Neutral,Negative,False,0.4,0.2,0.4
3036,Positive,Negative,False,0.4,0.2,0.4
4059,Positive,Positive,True,0.2,0.2,0.6
5522,Neutral,Neutral,True,0.2,0.4,0.4
135,Negative,Neutral,False,0.2,0.6,0.2
5166,Positive,Negative,False,0.6,0.2,0.2
3845,Neutral,Negative,False,0.6,0.4,0.0
8184,Neutral,Positive,False,0.2,0.2,0.6
54,Negative,Neutral,False,0.0,1.0,0.0
8393,Neutral,Negative,False,0.6,0.2,0.2
7499,Neutral,Negative,False,0.6,0.2,0.2
1909,Negative,Negative,True,0.4,0.4,0.2
1854,Positive,Negative,False,0.6,0.0,0.4
789,Negative,Positive,False,0.2,0.2,0.6
874,Neutral,Negative,False,0.6,0.0,0.4
7836,Negative,Neutral,False,0.2,0.6,0.2
2080,Positive,Negative,False,0.6,0.2,0.2
2591,Negative,Negative,True,0.4,0.4,0.2
1671,Positive,Neutral,False,0.2,0.6,0.2
7265,Positive,Negative,False,0.6,0.0,0.4
7570,Positive,Negative,False,0.4,0.4,0.2
8760,Negative,Neutral,False,0.2,0.4,0.4
1515,Neutral,Negative,False,0.8,0.0,0.2
9321,Positive,Negative,False,0.4,0.4,0.2
9404,Positive,Neutral,False,0.2,0.8,0.0
6947,Neutral,Positive,False,0.0,0.2,0.8
7874,Positive,Negative,False,0.4,0.2,0.4
9119,Neutral,Neutral,True,0.2,0.8,0.0
7350,Positive,Neutral,False,0.2,0.4,0.4
8460,Neutral,Neutral,True,0.2,0.4,0.4
9378,Negative,Negative,True,0.4,0.4,0.2
4883,Neutral,Positive,False,0.4,0.0,0.6
7809,Negative,Negative,True,0.4,0.4,0.2
9934,Neutral,Neutral,True,0.2,0.4,0.4
532,Neutral,Neutral,True,0.2,0.4,0.4
2626,Negative,Positive,False,0.4,0.0,0.6
2028,Neutral,Neutral,True,0.4,0.6,0.0
5325,Negative,Neutral,False,0.2,0.4,0.4
1561,Positive,Positive,True,0.0,0.4,0.6
1575,Positive,Negative,False,0.4,0.2,0.4
2168,Negative,Neutral,False,0.0,0.6,0.4
8846,Positive,Positive,True,0.0,0.0,1.0
4288,Neutral,Negative,False,0.4,0.2,0.4
4436,Neutral,Negative,False,0.6,0.4,0.0
7457,Neutral,Neutral,True,0.2,0.8,0.0
8300,Positive,Negative,False,0.6,0.0,0.4
1257,Neutral,Negative,False,0.6,0.4,0.0
9315,Neutral,Positive,False,0.0,0.2,0.8
9920,Positive,Positive,True,0.0,0.2,0.8
4605,Positive,Negative,False,0.6,0.2,0.2
9486,Positive,Negative,False,0.6,0.0,0.4
1030,Neutral,Neutral,True,0.2,0.4,0.4
4948,Negative,Neutral,False,0.2,0.6,0.2
2195,Neutral,Positive,False,0.2,0.0,0.8
6906,Negative,Neutral,False,0.2,0.4,0.4
7788,Neutral,Negative,False,0.4,0.4,0.2
8048,Positive,Neutral,False,0.2,0.4,0.4
9708,Negative,Neutral,False,0.0,0.8,0.2
596,Neutral,Negative,False,0.8,0.2,0.0
796,Positive,Positive,True,0.4,0.0,0.6
1020,Positive,Negative,False,0.4,0.4,0.2
4293,Neutral,Neutral,True,0.2,0.8,0.0
2210,Positive,Neutral,False,0.2,0.6,0.2
3215,Negative,Negative,True,0.8,0.0,0.2
4831,Neutral,Negative,False,0.4,0.2,0.4
2609,Positive,Neutral,False,0.2,0.8,0.0
8638,Neutral,Negative,False,0.4,0.2,0.4
3565,Positive,Positive,True,0.0,0.4,0.6
5761,Neutral,Positive,False,0.0,0.2,0.8
2405,Neutral,Positive,False,0.2,0.2,0.6
6587,Neutral,Positive,False,0.2,0.2,0.6
8750,Neutral,Negative,False,0.8,0.2,0.0
5544,Negative,Negative,True,0.8,0.0,0.2
9048,Neutral,Negative,False,0.4,0.2,0.4
3259,Neutral,Neutral,True,0.0,0.6,0.4
2262,Negative,Negative,True,0.6,0.0,0.4
425,Neutral,Negative,False,0.4,0.4,0.2
4378,Negative,Neutral,False,0.2,0.6,0.2
7397,Neutral,Neutral,True,0.2,0.4,0.4
8373,Positive,Neutral,False,0.2,0.4,0.4
4635,Positive,Neutral,False,0.2,0.4,0.4
7673,Positive,Neutral,False,0.2,0.8,0.0
6818,Negative,Neutral,False,0.4,0.6,0.0
4477,Neutral,Negative,False,0.4,0.2,0.4
9555,Positive,Neutral,False,0.2,0.4,0.4
401,Neutral,Positive,False,0.2,0.2,0.6
2267,Positive,Neutral,False,0.2,0.4,0.4
9608,Neutral,Positive,False,0.0,0.4,0.6
1884,Positive,Positive,True,0.0,0.2,0.8
9210,Negative,Neutral,False,0.2,0.6,0.2
7555,Neutral,Negative,False,0.6,0.2,0.2
2526,Positive,Neutral,False,0.4,0.6,0.0
9009,Negative,Neutral,False,0.4,0.6,0.0
1949,Positive,Negative,False,0.6,0.2,0.2
2602,Positive,Negative,False,0.8,0.2,0.0
5580,Neutral,Negative,False,0.8,0.2,0.0
2989,Positive,Negative,False,0.4,0.4,0.2
2335,Negative,Negative,True,0.8,0.0,0.2
9942,Positive,Negative,False,0.4,0.2,0.4
4633,Negative,Neutral,False,0.2,0.4,0.4
452,Positive,Negative,False,0.4,0.4,0.2
586,Negative,Positive,False,0.0,0.4,0.6
1178,Negative,Neutral,False,0.2,0.6,0.2
3202,Positive,Positive,True,0.2,0.0,0.8
8807,Neutral,Positive,False,0.4,0.0,0.6
1416,Neutral,Negative,False,0.4,0.2,0.4
5196,Positive,Negative,False,0.4,0.2,0.4
7330,Negative,Neutral,False,0.2,0.8,0.0
5911,Positive,Negative,False,0.6,0.2,0.2
8850,Negative,Negative,True,0.4,0.4,0.2
3107,Positive,Neutral,False,0.2,0.4,0.4
9819,Positive,Positive,True,0.2,0.2,0.6
1163,Negative,Negative,True,0.4,0.4,0.2
2580,Negative,Neutral,False,0.2,0.6,0.2
429,Neutral,Neutral,True,0.0,0.6,0.4
4892,Negative,Negative,True,0.6,0.0,0.4
9326,Positive,Neutral,False,0.0,0.6,0.4
1916,Negative,Positive,False,0.2,0.2,0.6
2494,Neutral,Positive,False,0.2,0.2,0.6
5158,Neutral,Positive,False,0.2,0.2,0.6
7852,Positive,Negative,False,0.4,0.2,0.4
5488,Neutral,Neutral,True,0.2,0.6,0.2
6617,Negative,Neutral,False,0.2,0.4,0.4
9294,Neutral,Positive,False,0.2,0.2,0.6
6536,Positive,Negative,False,0.4,0.4,0.2
9032,Neutral,Negative,False,0.6,0.2,0.2
226,Neutral,Neutral,True,0.4,0.6,0.0
487,Negative,Neutral,False,0.2,0.4,0.4
4207,Neutral,Neutral,True,0.2,0.4,0.4
8172,Negative,Positive,False,0.0,0.2,0.8
3125,Negative,Negative,True,0.4,0.2,0.4
7636,Negative,Negative,True,0.4,0.2,0.4
2502,Negative,Negative,True,0.8,0.0,0.2
2635,Positive,Negative,False,0.4,0.2,0.4
4576,Negative,Neutral,False,0.2,0.6,0.2
3316,Neutral,Negative,False,0.6,0.2,0.2
8038,Negative,Negative,True,0.4,0.2,0.4
547,Neutral,Positive,False,0.2,0.2,0.6
3376,Positive,Negative,False,0.4,0.4,0.2
2985,Negative,Positive,False,0.4,0.0,0.6
8070,Positive,Negative,False,0.6,0.2,0.2
4482,Neutral,Neutral,True,0.2,0.6,0.2
5100,Positive,Negative,False,0.8,0.0,0.2
14,Negative,Negative,True,0.4,0.4,0.2
2506,Neutral,Negative,False,0.4,0.4,0.2
7983,Neutral,Neutral,True,0.0,0.6,0.4
57,Positive,Neutral,False,0.0,0.6,0.4
5252,Positive,Negative,False,0.4,0.4,0.2
7430,Neutral,Neutral,True,0.2,0.4,0.4
476,Neutral,Neutral,True,0.2,0.4,0.4
7019,Negative,Neutral,False,0.2,0.4,0.4
5086,Negative,Negative,True,0.4,0.4,0.2
3408,Neutral,Negative,False,0.4,0.4,0.2
7310,Neutral,Negative,False,0.4,0.4,0.2
1341,Positive,Negative,False,0.4,0.4,0.2
597,Neutral,Negative,False,0.4,0.4,0.2
8066,Negative,Positive,False,0.0,0.4,0.6
3532,Negative,Negative,True,0.6,0.2,0.2
2108,Negative,Negative,True,0.4,0.4,0.2
5627,Negative,Negative,True,0.6,0.2,0.2
7984,Positive,Neutral,False,0.0,0.8,0.2
6886,Neutral,Negative,False,0.6,0.0,0.4
9414,Positive,Positive,True,0.2,0.2,0.6
3008,Positive,Negative,False,0.4,0.2,0.4
104,Positive,Negative,False,0.4,0.2,0.4
3957,Neutral,Neutral,True,0.2,0.6,0.2
3534,Negative,Negative,True,0.4,0.4,0.2
1222,Neutral,Positive,False,0.2,0.2,0.6
1664,Negative,Negative,True,0.6,0.2,0.2
6963,Neutral,Negative,False,0.4,0.2,0.4
7053,Neutral,Negative,False,0.4,0.2,0.4
2803,Positive,Neutral,False,0.2,0.6,0.2
7548,Negative,Positive,False,0.4,0.0,0.6
909,Neutral,Negative,False,0.4,0.4,0.2
3995,Neutral,Neutral,True,0.2,0.6,0.2
7070,Neutral,Negative,False,0.6,0.2,0.2
2255,Neutral,Positive,False,0.2,0.2,0.6
2677,Negative,Negative,True,1.0,0.0,0.0
2175,Positive,Negative,False,0.6,0.2,0.2
3519,Negative,Positive,False,0.0,0.2,0.8
3546,Positive,Negative,False,0.4,0.4,0.2
3669,Negative,Neutral,False,0.2,0.6,0.2
2825,Positive,Negative,False,0.8,0.0,0.2
2643,Positive,Negative,False,0.6,0.2,0.2
4243,Negative,Negative,True,0.6,0.2,0.2
5286,Neutral,Neutral,True,0.2,0.6,0.2
9759,Neutral,Negative,False,0.4,0.4,0.2
3014,Neutral,Negative,False,0.6,0.0,0.4
5264,Neutral,Negative,False,0.6,0.2,0.2
627,Negative,Neutral,False,0.2,0.6,0.2
9045,Positive,Neutral,False,0.2,0.4,0.4
3064,Negative,Neutral,False,0.2,0.6,0.2
3333,Neutral,Neutral,True,0.2,0.6,0.2
3879,Positive,Negative,False,0.8,0.2,0.0
7798,Positive,Positive,True,0.2,0.0,0.8
3349,Positive,Negative,False,0.6,0.2,0.2
5322,Neutral,Negative,False,0.4,0.4,0.2
1727,Positive,Neutral,False,0.2,0.4,0.4
1432,Negative,Positive,False,0.4,0.0,0.6
3121,Negative,Positive,False,0.0,0.4,0.6
3553,Negative,Positive,False,0.2,0.2,0.6
1618,Positive,Neutral,False,0.2,0.8,0.0
633,Neutral,Positive,False,0.2,0.2,0.6
6958,Neutral,Neutral,True,0.2,0.4,0.4
4391,Neutral,Negative,False,0.4,0.4,0.2
3527,Negative,Neutral,False,0.2,0.4,0.4
642,Positive,Negative,False,0.4,0.4,0.2
6464,Neutral,Negative,False,0.6,0.2,0.2
7626,Neutral,Negative,False,0.6,0.4,0.0
1074,Neutral,Positive,False,0.2,0.2,0.6
1639,Negative,Neutral,False,0.2,0.4,0.4
313,Negative,Neutral,False,0.4,0.6,0.0
9999,Negative,Negative,True,0.4,0.4,0.2
6135,Neutral,Positive,False,0.2,0.2,0.6
9924,Positive,Neutral,False,0.0,0.8,0.2
3530,Negative,Neutral,False,0.2,0.4,0.4
2263,Positive,Neutral,False,0.2,0.4,0.4
2789,Neutral,Negative,False,0.8,0.0,0.2
37,Positive,Negative,False,0.4,0.4,0.2
7405,Positive,Positive,True,0.2,0.0,0.8
6305,Neutral,Negative,False,0.4,0.2,0.4
4981,Negative,Neutral,False,0.0,0.6,0.4
1918,Positive,Negative,False,0.6,0.4,0.0
1329,Neutral,Negative,False,0.6,0.2,0.2
8480,Neutral,Negative,False,0.6,0.0,0.4
1066,Neutral,Neutral,True,0.2,0.8,0.0
4977,Positive,Negative,False,1.0,0.0,0.0
2661,Neutral,Negative,False,0.4,0.4,0.2
3960,Negative,Neutral,False,0.2,0.4,0.4
6490,Negative,Positive,False,0.2,0.2,0.6
7530,Positive,Negative,False,0.8,0.2,0.0
3620,Neutral,Neutral,True,0.2,0.4,0.4
6325,Positive,Negative,False,0.4,0.4,0.2
7302,Positive,Positive,True,0.2,0.2,0.6
4867,Negative,Neutral,False,0.4,0.6,0.0
1104,Neutral,Neutral,True,0.0,0.6,0.4
5548,Negative,Neutral,False,0.2,0.6,0.2
1866,Negative,Negative,True,0.4,0.4,0.2
9837,Neutral,Neutral,True,0.2,0.6,0.2
9962,Negative,Positive,False,0.2,0.2,0.6
7889,Positive,Neutral,False,0.2,0.6,0.2
830,Neutral,Neutral,True,0.0,0.8,0.2
1810,Neutral,Positive,False,0.2,0.2,0.6
1170,Negative,Neutral,False,0.0,0.6,0.4
5173,Neutral,Neutral,True,0.2,0.6,0.2
4329,Negative,Neutral,False,0.2,0.4,0.4
7772,Negative,Neutral,False,0.2,0.4,0.4
5134,Positive,Negative,False,0.6,0.2,0.2
7815,Negative,Positive,False,0.4,0.0,0.6
118,Negative,Neutral,False,0.2,0.4,0.4
2701,Positive,Negative,False,0.4,0.2,0.4
4312,Negative,Neutral,False,0.2,0.6,0.2
2136,Positive,Negative,False,0.4,0.2,0.4
121,Negative,Negative,True,0.4,0.2,0.4
2142,Negative,Positive,False,0.0,0.4,0.6
8189,Neutral,Negative,False,0.4,0.4,0.2
9961,Positive,Negative,False,0.4,0.2,0.4
2074,Positive,Neutral,False,0.2,0.8,0.0
6668,Neutral,Negative,False,0.8,0.0,0.2
9423,Neutral,Negative,False,0.6,0.0,0.4
8192,Positive,Positive,True,0.0,0.4,0.6
8321,Positive,Neutral,False,0.2,0.6,0.2
680,Positive,Positive,True,0.2,0.2,0.6
5632,Negative,Positive,False,0.0,0.0,1.0
1920,Positive,Negative,False,0.4,0.2,0.4
515,Positive,Negative,False,0.6,0.4,0.0
6279,Positive,Negative,False,0.4,0.2,0.4
7741,Neutral,Negative,False,0.6,0.4,0.0
8999,Positive,Negative,False,0.8,0.2,0.0
2439,Neutral,Positive,False,0.0,0.2,0.8
5077,Negative,Negative,True,0.6,0.4,0.0
9709,Positive,Negative,False,0.4,0.4,0.2
8288,Neutral,Positive,False,0.4,0.0,0.6
6069,Negative,Negative,True,0.6,0.0,0.4
8970,Neutral,Positive,False,0.2,0.2,0.6
297,Neutral,Neutral,True,0.2,0.4,0.4
513,Positive,Negative,False,0.4,0.2,0.4
1872,Negative,Positive,False,0.2,0.0,0.8
741,Positive,Neutral,False,0.2,0.4,0.4
1417,Positive,Neutral,False,0.2,0.4,0.4
2904,Positive,Neutral,False,0.4,0.6,0.0
8126,Positive,Negative,False,0.4,0.4,0.2
6775,Negative,Neutral,False,0.2,0.6,0.2
9635,Negative,Positive,False,0.2,0.2,0.6
4839,Neutral,Positive,False,0.4,0.0,0.6
3982,Positive,Negative,False,0.4,0.4,0.2
9505,Negative,Negative,True,0.6,0.0,0.4
4813,Positive,Negative,False,0.6,0.2,0.2
8576,Negative,Negative,True,0.4,0.4,0.2
3348,Positive,Neutral,False,0.2,0.4,0.4
3693,Positive,Neutral,False,0.2,0.8,0.0
6632,Neutral,Negative,False,0.6,0.4,0.0
9890,Negative,Neutral,False,0.2,0.4,0.4
2377,Neutral,Negative,False,0.4,0.2,0.4
6713,Negative,Negative,True,0.4,0.2,0.4
3361,Positive,Positive,True,0.2,0.2,0.6
6371,Negative,Positive,False,0.2,0.0,0.8
9425,Negative,Negative,True,0.6,0.2,0.2
5109,Neutral,Negative,False,0.4,0.2,0.4
5788,Negative,Neutral,False,0.2,0.6,0.2
9544,Neutral,Neutral,True,0.2,0.6,0.2
5450,Neutral,Neutral,True,0.4,0.6,0.0
8770,Positive,Neutral,False,0.0,0.6,0.4
3936,Positive,Negative,False,0.6,0.4,0.0
8613,Positive,Neutral,False,0.0,0.8,0.2
503,Negative,Neutral,False,0.2,0.6,0.2
2153,Positive,Negative,False,0.6,0.2,0.2
2816,Negative,Neutral,False,0.2,0.8,0.0
3542,Negative,Negative,True,0.4,0.4,0.2
4045,Positive,Neutral,False,0.0,1.0,0.0
8933,Neutral,Negative,False,0.4,0.2,0.4
4734,Negative,Positive,False,0.2,0.2,0.6
8236,Neutral,Negative,False,0.4,0.2,0.4
3370,Neutral,Negative,False,0.8,0.2,0.0
6434,Negative,Neutral,False,0.2,0.8,0.0
1136,Positive,Neutral,False,0.2,0.6,0.2
6404,Negative,Negative,True,0.4,0.2,0.4
506,Negative,Neutral,False,0.0,0.6,0.4
4340,Neutral,Positive,False,0.4,0.0,0.6
3267,Negative,Negative,True,0.4,0.2,0.4
2957,Neutral,Negative,False,0.4,0.4,0.2
8180,Neutral,Positive,False,0.4,0.0,0.6
2948,Neutral,Negative,False,0.6,0.2,0.2
3528,Negative,Negative,True,0.6,0.2,0.2
6269,Negative,Negative,True,0.4,0.4,0.2
7793,Positive,Positive,True,0.0,0.4,0.6
6759,Negative,Neutral,False,0.2,0.6,0.2
9702,Neutral,Positive,False,0.0,0.4,0.6
369,Negative,Positive,False,0.2,0.2,0.6
6615,Neutral,Neutral,True,0.2,0.4,0.4
7354,Negative,Negative,True,0.4,0.2,0.4
1780,Positive,Negative,False,0.4,0.2,0.4
3520,Negative,Neutral,False,0.2,0.6,0.2
4003,Negative,Neutral,False,0.2,0.8,0.0
81,Neutral,Neutral,True,0.2,0.6,0.2
6125,Positive,Neutral,False,0.2,0.6,0.2
4619,Neutral,Negative,False,0.6,0.4,0.0
2022,Neutral,Negative,False,0.4,0.2,0.4
9112,Positive,Positive,True,0.0,0.0,1.0
5891,Positive,Negative,False,0.4,0.4,0.2
8416,Neutral,Positive,False,0.0,0.4,0.6
9137,Positive,Negative,False,0.4,0.2,0.4
327,Positive,Positive,True,0.2,0.2,0.6
9078,Positive,Neutral,False,0.2,0.8,0.0
2345,Positive,Neutral,False,0.2,0.6,0.2
9084,Negative,Neutral,False,0.0,0.6,0.4
9632,Neutral,Neutral,True,0.2,0.6,0.2
1361,Neutral,Neutral,True,0.2,0.4,0.4
1384,Neutral,Positive,False,0.0,0.0,1.0
662,Neutral,Neutral,True,0.2,0.8,0.0
8802,Positive,Negative,False,0.4,0.4,0.2
8078,Positive,Negative,False,0.6,0.0,0.4
3913,Neutral,Negative,False,0.4,0.2,0.4
9545,Positive,Positive,True,0.2,0.0,0.8
6812,Neutral,Negative,False,0.4,0.4,0.2
424,Positive,Neutral,False,0.2,0.4,0.4
128,Positive,Negative,False,0.6,0.2,0.2
4511,Neutral,Negative,False,0.6,0.0,0.4
560,Neutral,Negative,False,0.4,0.4,0.2
8815,Positive,Positive,True,0.2,0.0,0.8
4711,Negative,Positive,False,0.2,0.2,0.6
4978,Positive,Positive,True,0.2,0.2,0.6
5841,Positive,Negative,False,0.6,0.2,0.2
6635,Positive,Neutral,False,0.2,0.4,0.4
936,Positive,Positive,True,0.2,0.2,0.6
459,Positive,Neutral,False,0.2,0.6,0.2
195,Neutral,Negative,False,0.4,0.2,0.4
8954,Positive,Negative,False,0.4,0.4,0.2
4960,Negative,Negative,True,0.4,0.4,0.2
2800,Negative,Negative,True,0.8,0.0,0.2
2651,Negative,Neutral,False,0.2,0.6,0.2
8931,Neutral,Neutral,True,0.0,0.8,0.2
1240,Positive,Neutral,False,0.0,0.6,0.4
5749,Neutral,Neutral,True,0.0,0.6,0.4
8331,Neutral,Positive,False,0.0,0.4,0.6
7679,Neutral,Neutral,True,0.0,0.8,0.2
7112,Positive,Positive,True,0.2,0.2,0.6
4753,Positive,Positive,True,0.2,0.2,0.6
6353,Negative,Positive,False,0.0,0.4,0.6
3071,Neutral,Negative,False,0.6,0.2,0.2
3394,Neutral,Negative,False,0.4,0.2,0.4
9449,Negative,Positive,False,0.2,0.2,0.6
2156,Positive,Neutral,False,0.0,0.6,0.4
7091,Neutral,Positive,False,0.0,0.4,0.6
4180,Negative,Positive,False,0.2,0.2,0.6
3694,Negative,Positive,False,0.0,0.0,1.0
1642,Neutral,Neutral,True,0.4,0.6,0.0
5324,Negative,Negative,True,0.6,0.0,0.4
3826,Positive,Neutral,False,0.4,0.6,0.0
4396,Negative,Neutral,False,0.2,0.8,0.0
9387,Negative,Negative,True,0.4,0.4,0.2
4938,Neutral,Negative,False,0.4,0.4,0.2
6386,Neutral,Positive,False,0.2,0.0,0.8
4177,Positive,Negative,False,0.4,0.2,0.4
8782,Neutral,Negative,False,0.6,0.2,0.2
1972,Positive,Negative,False,0.4,0.4,0.2
5391,Neutral,Positive,False,0.2,0.2,0.6
9150,Negative,Negative,True,0.4,0.2,0.4
5359,Positive,Negative,False,0.6,0.4,0.0
8909,Positive,Neutral,False,0.2,0.4,0.4
1761,Neutral,Neutral,True,0.4,0.6,0.0
9160,Positive,Positive,True,0.2,0.2,0.6
3834,Neutral,Negative,False,0.4,0.2,0.4
332,Negative,Positive,False,0.0,0.2,0.8
7999,Positive,Positive,True,0.2,0.2,0.6
7344,Neutral,Positive,False,0.2,0.2,0.6
1140,Neutral,Positive,False,0.4,0.0,0.6
8051,Positive,Neutral,False,0.2,0.6,0.2
4841,Neutral,Negative,False,0.4,0.4,0.2
9241,Neutral,Negative,False,0.4,0.2,0.4
8882,Neutral,Neutral,True,0.2,0.4,0.4
4291,Positive,Positive,True,0.0,0.4,0.6
2892,Neutral,Neutral,True,0.0,0.6,0.4
403,Positive,Negative,False,0.6,0.0,0.4
5805,Negative,Neutral,False,0.0,0.6,0.4
6648,Neutral,Negative,False,0.6,0.0,0.4
3724,Neutral,Positive,False,0.0,0.4,0.6
3815,Positive,Neutral,False,0.2,0.6,0.2
3952,Negative,Negative,True,0.4,0.4,0.2
88,Neutral,Negative,False,0.4,0.4,0.2
1375,Positive,Neutral,False,0.0,0.8,0.2
9569,Positive,Neutral,False,0.2,0.4,0.4
5612,Positive,Positive,True,0.2,0.2,0.6
84,Neutral,Negative,False,0.6,0.2,0.2
3503,Negative,Negative,True,0.6,0.4,0.0
666,Positive,Positive,True,0.2,0.2,0.6
1153,Neutral,Negative,False,0.4,0.4,0.2
689,Negative,Positive,False,0.4,0.0,0.6
1232,Negative,Negative,True,0.6,0.2,0.2
488,Negative,Positive,False,0.4,0.0,0.6
8895,Neutral,Negative,False,0.4,0.4,0.2
5411,Negative,Neutral,False,0.2,0.4,0.4
4473,Positive,Positive,True,0.2,0.2,0.6
6309,Positive,Negative,False,0.4,0.2,0.4
3735,Positive,Positive,True,0.4,0.0,0.6
7491,Neutral,Negative,False,0.4,0.4,0.2
8481,Negative,Negative,True,0.4,0.4,0.2
2658,Negative,Neutral,False,0.0,0.8,0.2
2683,Positive,Negative,False,0.4,0.2,0.4
7164,Neutral,Positive,False,0.0,0.4,0.6
9698,Negative,Neutral,False,0.2,0.6,0.2
5479,Positive,Neutral,False,0.0,0.6,0.4
470,Negative,Neutral,False,0.2,0.6,0.2
9683,Positive,Negative,False,0.6,0.2,0.2
9857,Neutral,Neutral,True,0.4,0.6,0.0
8994,Negative,Negative,True,0.4,0.2,0.4
2555,Positive,Neutral,False,0.0,1.0,0.0
2319,Negative,Neutral,False,0.0,0.6,0.4
3294,Positive,Negative,False,0.4,0.2,0.4
1393,Positive,Negative,False,0.6,0.2,0.2
9605,Neutral,Neutral,True,0.0,0.8,0.2
1688,Neutral,Negative,False,0.4,0.2,0.4
3941,Neutral,Negative,False,0.6,0.2,0.2
3699,Negative,Positive,False,0.2,0.2,0.6
2731,Positive,Negative,False,0.6,0.2,0.2
9244,Neutral,Negative,False,0.4,0.4,0.2
8162,Negative,Positive,False,0.0,0.2,0.8
1147,Positive,Positive,True,0.0,0.2,0.8
9069,Positive,Neutral,False,0.4,0.6,0.0
1124,Positive,Positive,True,0.0,0.2,0.8
2637,Neutral,Negative,False,0.8,0.0,0.2
9452,Neutral,Neutral,True,0.2,0.4,0.4
9357,Negative,Positive,False,0.0,0.4,0.6
3101,Negative,Neutral,False,0.2,0.6,0.2
9501,Neutral,Negative,False,0.6,0.0,0.4
4834,Neutral,Neutral,True,0.2,0.4,0.4
4565,Negative,Negative,True,0.6,0.0,0.4
3389,Neutral,Negative,False,0.4,0.4,0.2
4268,Neutral,Neutral,True,0.2,0.4,0.4
9381,Positive,Neutral,False,0.2,0.4,0.4
6262,Positive,Negative,False,0.6,0.0,0.4
9741,Negative,Negative,True,0.6,0.0,0.4
6901,Negative,Neutral,False,0.2,0.6,0.2
6253,Positive,Neutral,False,0.0,0.6,0.4
6437,Neutral,Negative,False,0.6,0.4,0.0
7953,Positive,Negative,False,0.4,0.2,0.4
3932,Neutral,Negative,False,0.4,0.4,0.2
6896,Neutral,Negative,False,0.4,0.2,0.4
617,Negative,Positive,False,0.4,0.0,0.6
1063,Negative,Positive,False,0.0,0.2,0.8
1217,Positive,Negative,False,0.8,0.2,0.0
7585,Neutral,Negative,False,0.4,0.2,0.4
5697,Positive,Neutral,False,0.2,0.6,0.2
9155,Positive,Neutral,False,0.0,0.6,0.4
4479,Neutral,Negative,False,0.4,0.2,0.4
1179,Negative,Positive,False,0.4,0.0,0.6
6142,Positive,Negative,False,0.6,0.2,0.2
6389,Positive,Negative,False,0.6,0.2,0.2
9963,Positive,Negative,False,0.4,0.2,0.4
6295,Neutral,Neutral,True,0.4,0.6,0.0
5312,Negative,Negative,True,0.4,0.2,0.4
3339,Neutral,Neutral,True,0.2,0.8,0.0
7647,Neutral,Negative,False,0.6,0.2,0.2
9945,Neutral,Neutral,True,0.2,0.6,0.2
5453,Positive,Negative,False,0.4,0.2,0.4
341,Positive,Negative,False,0.4,0.4,0.2
2981,Negative,Neutral,False,0.4,0.6,0.0
537,Neutral,Neutral,True,0.2,0.4,0.4
3749,Neutral,Negative,False,0.6,0.0,0.4
5723,Neutral,Negative,False,0.4,0.2,0.4
7157,Positive,Neutral,False,0.4,0.6,0.0
4650,Negative,Negative,True,0.6,0.2,0.2
2507,Neutral,Neutral,True,0.2,0.4,0.4
4616,Positive,Neutral,False,0.4,0.6,0.0
2164,Positive,Neutral,False,0.2,0.4,0.4
5433,Positive,Positive,True,0.2,0.2,0.6
4773,Positive,Negative,False,0.6,0.2,0.2
2213,Positive,Negative,False,0.4,0.2,0.4
6284,Neutral,Negative,False,0.8,0.2,0.0
4262,Neutral,Neutral,True,0.2,0.4,0.4
8196,Neutral,Neutral,True,0.2,0.6,0.2
3818,Neutral,Neutral,True,0.4,0.6,0.0
4028,Positive,Neutral,False,0.2,0.6,0.2
6180,Neutral,Neutral,True,0.2,0.8,0.0
8918,Negative,Negative,True,0.4,0.2,0.4
9554,Neutral,Negative,False,0.6,0.4,0.0
31,Neutral,Positive,False,0.0,0.4,0.6
3286,Negative,Negative,True,0.6,0.0,0.4
7479,Positive,Negative,False,0.6,0.2,0.2
4674,Negative,Neutral,False,0.2,0.4,0.4
7202,Negative,Neutral,False,0.2,0.4,0.4
6626,Neutral,Negative,False,0.6,0.2,0.2
7399,Neutral,Neutral,True,0.0,0.6,0.4
2082,Neutral,Neutral,True,0.2,0.4,0.4
1658,Neutral,Negative,False,0.6,0.2,0.2
4730,Positive,Negative,False,0.4,0.2,0.4
8494,Neutral,Neutral,True,0.2,0.4,0.4
3825,Negative,Neutral,False,0.0,0.8,0.2
9154,Neutral,Negative,False,0.4,0.2,0.4
4721,Neutral,Positive,False,0.0,0.0,1.0
4079,Neutral,Neutral,True,0.0,0.6,0.4
9677,Negative,Positive,False,0.2,0.0,0.8
8241,Negative,Negative,True,0.4,0.2,0.4
5809,Neutral,Positive,False,0.0,0.4,0.6
7684,Neutral,Negative,False,0.4,0.2,0.4
500,Positive,Negative,False,1.0,0.0,0.0
1662,Positive,Negative,False,0.6,0.0,0.4
2418,Negative,Neutral,False,0.2,0.4,0.4
3242,Neutral,Negative,False,0.4,0.2,0.4
2491,Negative,Negative,True,0.6,0.2,0.2
1691,Neutral,Negative,False,0.4,0.2,0.4
7170,Negative,Positive,False,0.0,0.4,0.6
2914,Negative,Negative,True,0.4,0.4,0.2
2665,Positive,Positive,True,0.2,0.2,0.6
446,Positive,Negative,False,0.4,0.4,0.2
3288,Neutral,Positive,False,0.2,0.0,0.8
8879,Positive,Positive,True,0.2,0.2,0.6
5210,Neutral,Neutral,True,0.2,0.4,0.4
2696,Positive,Negative,False,0.4,0.2,0.4
5116,Neutral,Neutral,True,0.2,0.6,0.2
3656,Neutral,Negative,False,0.4,0.4,0.2
7328,Negative,Negative,True,0.4,0.4,0.2
716,Negative,Negative,True,0.8,0.2,0.0
56,Positive,Positive,True,0.2,0.0,0.8
1251,Positive,Negative,False,0.6,0.2,0.2
365,Negative,Negative,True,0.4,0.2,0.4
7898,Neutral,Positive,False,0.2,0.2,0.6
2915,Negative,Positive,False,0.2,0.2,0.6
7998,Negative,Neutral,False,0.2,0.4,0.4
6056,Positive,Positive,True,0.0,0.4,0.6
588,Neutral,Negative,False,0.6,0.0,0.4
9907,Neutral,Neutral,True,0.2,0.8,0.0
9473,Positive,Neutral,False,0.4,0.6,0.0
3887,Positive,Neutral,False,0.2,0.4,0.4
2632,Positive,Neutral,False,0.2,0.6,0.2
4781,Neutral,Neutral,True,0.0,0.6,0.4
103,Positive,Negative,False,0.8,0.0,0.2
9865,Negative,Neutral,False,0.0,0.6,0.4
1128,Neutral,Negative,False,0.4,0.2,0.4
2698,Neutral,Negative,False,0.6,0.0,0.4
5664,Negative,Negative,True,0.4,0.2,0.4
4381,Positive,Negative,False,0.4,0.2,0.4
9695,Negative,Negative,True,0.6,0.4,0.0
4715,Negative,Negative,True,0.4,0.4,0.2
2057,Negative,Negative,True,0.4,0.2,0.4
3161,Positive,Neutral,False,0.2,0.4,0.4
9128,Positive,Negative,False,0.4,0.4,0.2
2155,Positive,Neutral,False,0.2,0.6,0.2
8039,Positive,Negative,False,0.6,0.2,0.2
2542,Neutral,Negative,False,0.4,0.4,0.2
5091,Negative,Negative,True,0.4,0.4,0.2
5205,Neutral,Neutral,True,0.2,0.6,0.2
8903,Negative,Neutral,False,0.2,0.4,0.4
1501,Neutral,Neutral,True,0.2,0.8,0.0
7605,Positive,Negative,False,0.4,0.2,0.4
6003,Neutral,Neutral,True,0.0,0.6,0.4
1756,Negative,Neutral,False,0.2,0.4,0.4
5700,Neutral,Negative,False,0.4,0.4,0.2
7242,Negative,Neutral,False,0.2,0.6,0.2
3166,Neutral,Positive,False,0.0,0.4,0.6
8822,Neutral,Negative,False,0.4,0.2,0.4
4523,Positive,Negative,False,0.4,0.2,0.4
4800,Negative,Neutral,False,0.0,0.6,0.4
7820,Neutral,Positive,False,0.0,0.4,0.6
7574,Positive,Neutral,False,0.2,0.4,0.4
3891,Neutral,Negative,False,0.6,0.2,0.2
8088,Negative,Positive,False,0.4,0.0,0.6
3599,Positive,Negative,False,0.6,0.2,0.2
631,Positive,Negative,False,0.4,0.2,0.4
3246,Positive,Negative,False,0.4,0.2,0.4
3778,Neutral,Neutral,True,0.0,1.0,0.0
5244,Neutral,Positive,False,0.4,0.0,0.6
3274,Neutral,Neutral,True,0.2,0.6,0.2
8637,Positive,Negative,False,0.6,0.0,0.4
3303,Positive,Negative,False,0.6,0.2,0.2
3609,Positive,Neutral,False,0.2,0.4,0.4
4286,Positive,Negative,False,0.4,0.4,0.2
7949,Neutral,Negative,False,0.4,0.4,0.2
8147,Positive,Negative,False,0.4,0.4,0.2
5195,Negative,Negative,True,0.6,0.2,0.2
4840,Negative,Neutral,False,0.2,0.4,0.4
4399,Negative,Negative,True,0.6,0.0,0.4
7606,Negative,Negative,True,0.4,0.4,0.2
7860,Neutral,Positive,False,0.0,0.2,0.8
465,Positive,Positive,True,0.2,0.2,0.6
1166,Neutral,Negative,False,0.6,0.2,0.2
3275,Negative,Negative,True,0.4,0.4,0.2
3563,Positive,Positive,True,0.2,0.2,0.6
1963,Negative,Positive,False,0.0,0.2,0.8
5789,Neutral,Negative,False,0.4,0.4,0.2
2547,Negative,Positive,False,0.2,0.2,0.6
4886,Neutral,Negative,False,0.6,0.2,0.2
7604,Positive,Neutral,False,0.4,0.6,0.0
4558,Positive,Negative,False,0.8,0.0,0.2
7420,Neutral,Neutral,True,0.2,0.6,0.2
7987,Neutral,Neutral,True,0.4,0.6,0.0
2655,Negative,Negative,True,0.6,0.2,0.2
107,Positive,Positive,True,0.2,0.2,0.6
1403,Neutral,Negative,False,0.4,0.2,0.4
7971,Negative,Neutral,False,0.2,0.4,0.4
4525,Positive,Neutral,False,0.2,0.4,0.4
6013,Neutral,Positive,False,0.2,0.2,0.6
1958,Neutral,Positive,False,0.2,0.2,0.6
899,Neutral,Negative,False,0.4,0.2,0.4
1675,Negative,Neutral,False,0.2,0.4,0.4
2111,Neutral,Negative,False,0.4,0.4,0.2
1551,Positive,Negative,False,0.6,0.2,0.2
5023,Neutral,Positive,False,0.0,0.4,0.6
8583,Negative,Positive,False,0.0,0.2,0.8
242,Positive,Negative,False,0.4,0.4,0.2
2492,Neutral,Positive,False,0.0,0.4,0.6
3440,Negative,Neutral,False,0.2,0.6,0.2
4534,Negative,Neutral,False,0.2,0.6,0.2
9550,Negative,Positive,False,0.2,0.2,0.6
5001,Negative,Negative,True,0.8,0.0,0.2
625,Negative,Neutral,False,0.2,0.4,0.4
3775,Neutral,Neutral,True,0.2,0.4,0.4
1859,Negative,Neutral,False,0.2,0.4,0.4
7669,Negative,Positive,False,0.2,0.2,0.6
3337,Negative,Negative,True,0.6,0.4,0.0
1338,Neutral,Positive,False,0.2,0.0,0.8
1520,Negative,Negative,True,0.6,0.2,0.2
8318,Negative,Neutral,False,0.2,0.6,0.2
9380,Positive,Neutral,False,0.2,0.4,0.4
3192,Positive,Negative,False,0.6,0.4,0.0
6210,Negative,Negative,True,0.4,0.2,0.4
8420,Positive,Positive,True,0.0,0.4,0.6
5081,Positive,Positive,True,0.2,0.2,0.6
7014,Positive,Neutral,False,0.2,0.4,0.4
9697,Positive,Positive,True,0.4,0.0,0.6
6179,Positive,Neutral,False,0.2,0.4,0.4
9360,Negative,Negative,True,0.6,0.0,0.4
774,Neutral,Positive,False,0.4,0.0,0.6
5141,Negative,Negative,True,0.8,0.2,0.0
9689,Negative,Negative,True,0.6,0.2,0.2
5369,Negative,Negative,True,0.4,0.2,0.4
4149,Neutral,Positive,False,0.0,0.2,0.8
1134,Positive,Neutral,False,0.2,0.4,0.4
1242,Neutral,Negative,False,0.4,0.2,0.4
3005,Neutral,Negative,False,0.6,0.0,0.4
7951,Neutral,Neutral,True,0.2,0.6,0.2
6850,Positive,Neutral,False,0.2,0.4,0.4
4958,Neutral,Neutral,True,0.2,0.8,0.0
4484,Positive,Neutral,False,0.2,0.4,0.4
7545,Positive,Negative,False,0.4,0.4,0.2
5159,Negative,Positive,False,0.0,0.4,0.6
8509,Positive,Neutral,False,0.4,0.6,0.0
3012,Positive,Negative,False,0.6,0.2,0.2
8715,Neutral,Neutral,True,0.4,0.6,0.0
1148,Neutral,Negative,False,0.4,0.2,0.4
5576,Neutral,Negative,False,0.6,0.2,0.2
6314,Neutral,Positive,False,0.2,0.2,0.6
6381,Negative,Positive,False,0.2,0.2,0.6
7712,Positive,Neutral,False,0.4,0.6,0.0
1536,Positive,Negative,False,0.4,0.4,0.2
1877,Neutral,Negative,False,0.4,0.4,0.2
46,Negative,Positive,False,0.0,0.4,0.6
3947,Neutral,Negative,False,0.6,0.2,0.2
5893,Positive,Positive,True,0.2,0.2,0.6
1976,Negative,Positive,False,0.0,0.0,1.0
6934,Neutral,Neutral,True,0.2,0.6,0.2
4405,Negative,Negative,True,0.4,0.4,0.2
9571,Positive,Negative,False,0.4,0.2,0.4
1544,Negative,Negative,True,0.8,0.2,0.0
5255,Positive,Negative,False,0.8,0.0,0.2
3219,Neutral,Negative,False,0.6,0.2,0.2
5759,Positive,Negative,False,0.4,0.4,0.2
1943,Negative,Negative,True,0.4,0.4,0.2
3938,Neutral,Negative,False,0.6,0.2,0.2
1358,Negative,Negative,True,0.8,0.0,0.2
5034,Positive,Negative,False,0.4,0.4,0.2
3023,Positive,Negative,False,0.8,0.0,0.2
3567,Positive,Negative,False,0.6,0.4,0.0
4541,Negative,Positive,False,0.2,0.2,0.6
5820,Neutral,Neutral,True,0.0,0.6,0.4
2105,Negative,Neutral,False,0.0,0.6,0.4
4963,Negative,Negative,True,0.4,0.2,0.4
6199,Neutral,Negative,False,0.6,0.2,0.2
8380,Positive,Negative,False,0.8,0.0,0.2
7887,Positive,Neutral,False,0.2,0.6,0.2
1253,Neutral,Neutral,True,0.2,0.6,0.2
643,Neutral,Positive,False,0.0,0.2,0.8
6730,Negative,Positive,False,0.2,0.2,0.6
1978,Neutral,Negative,False,0.6,0.0,0.4
9733,Positive,Neutral,False,0.2,0.4,0.4
6506,Positive,Negative,False,0.4,0.2,0.4
2254,Positive,Negative,False,0.6,0.2,0.2
3369,Negative,Negative,True,0.6,0.0,0.4
2173,Neutral,Neutral,True,0.0,0.6,0.4
9725,Negative,Negative,True,0.4,0.2,0.4
8790,Neutral,Neutral,True,0.2,0.4,0.4
861,Positive,Negative,False,0.4,0.4,0.2
9328,Negative,Positive,False,0.4,0.0,0.6
2561,Negative,Negative,True,0.6,0.4,0.0
354,Neutral,Negative,False,0.4,0.4,0.2
4305,Negative,Negative,True,0.6,0.2,0.2
3115,Negative,Negative,True,0.4,0.4,0.2
765,Neutral,Positive,False,0.0,0.4,0.6
7230,Neutral,Negative,False,0.4,0.4,0.2
7825,Negative,Negative,True,0.4,0.4,0.2
9478,Negative,Neutral,False,0.2,0.6,0.2
3430,Positive,Neutral,False,0.0,1.0,0.0
6586,Positive,Positive,True,0.4,0.0,0.6
4078,Negative,Negative,True,0.6,0.2,0.2
6938,Neutral,Negative,False,0.6,0.2,0.2
4100,Positive,Negative,False,0.4,0.4,0.2
8563,Negative,Positive,False,0.2,0.2,0.6
8549,Neutral,Negative,False,0.4,0.2,0.4
928,Positive,Neutral,False,0.2,0.8,0.0
9560,Neutral,Positive,False,0.2,0.0,0.8
7353,Positive,Positive,True,0.2,0.2,0.6
2930,Negative,Negative,True,0.4,0.2,0.4
8501,Negative,Negative,True,0.6,0.4,0.0
8306,Neutral,Neutral,True,0.0,0.8,0.2
6848,Positive,Neutral,False,0.2,0.6,0.2
3281,Negative,Positive,False,0.0,0.4,0.6
6171,Neutral,Neutral,True,0.4,0.6,0.0
3912,Positive,Negative,False,0.6,0.4,0.0
5047,Negative,Negative,True,0.6,0.2,0.2
3718,Neutral,Neutral,True,0.0,0.8,0.2
9546,Positive,Positive,True,0.2,0.2,0.6
5931,Neutral,Negative,False,0.4,0.2,0.4
2054,Negative,Positive,False,0.4,0.0,0.6
4516,Negative,Neutral,False,0.2,0.6,0.2
7358,Positive,Neutral,False,0.2,0.6,0.2
170,Negative,Negative,True,0.6,0.2,0.2
1446,Positive,Neutral,False,0.2,0.4,0.4
7911,Positive,Neutral,False,0.2,0.4,0.4
5102,Negative,Positive,False,0.2,0.2,0.6
744,Neutral,Negative,False,0.4,0.4,0.2
8299,Negative,Negative,True,0.4,0.4,0.2
743,Negative,Negative,True,0.8,0.0,0.2
7027,Neutral,Neutral,True,0.2,0.4,0.4
1000,Negative,Neutral,False,0.2,0.4,0.4
8389,Positive,Negative,False,0.6,0.0,0.4
1200,Negative,Neutral,False,0.2,0.4,0.4
4425,Positive,Neutral,False,0.2,0.4,0.4
5347,Neutral,Positive,False,0.4,0.0,0.6
7369,Neutral,Negative,False,0.6,0.0,0.4
3762,Positive,Neutral,False,0.2,0.6,0.2
1694,Negative,Negative,True,0.4,0.4,0.2
2737,Neutral,Positive,False,0.2,0.2,0.6
1605,Negative,Neutral,False,0.0,0.8,0.2
3618,Negative,Negative,True,0.8,0.0,0.2
9235,Neutral,Neutral,True,0.4,0.6,0.0
2338,Negative,Positive,False,0.0,0.0,1.0
7123,Negative,Negative,True,0.4,0.2,0.4
9369,Neutral,Positive,False,0.4,0.0,0.6
8490,Neutral,Negative,False,0.4,0.2,0.4
3585,Positive,Negative,False,0.4,0.2,0.4
4321,Positive,Negative,False,0.4,0.2,0.4
3478,Negative,Neutral,False,0.2,0.8,0.0
9897,Negative,Positive,False,0.0,0.4,0.6
3338,Negative,Neutral,False,0.2,0.4,0.4
8101,Positive,Negative,False,0.4,0.2,0.4
1176,Positive,Positive,True,0.0,0.2,0.8
3747,Neutral,Positive,False,0.0,0.2,0.8
4095,Positive,Neutral,False,0.2,0.6,0.2
5899,Negative,Neutral,False,0.2,0.8,0.0
8859,Positive,Positive,True,0.2,0.2,0.6
8209,Neutral,Negative,False,0.6,0.0,0.4
4183,Negative,Positive,False,0.2,0.0,0.8
8775,Neutral,Positive,False,0.4,0.0,0.6
404,Negative,Negative,True,0.4,0.4,0.2
7488,Negative,Negative,True,0.4,0.4,0.2
1121,Negative,Neutral,False,0.2,0.4,0.4
1749,Neutral,Negative,False,0.4,0.2,0.4
6743,Neutral,Negative,False,0.6,0.4,0.0
4138,Negative,Positive,False,0.2,0.2,0.6
7040,Positive,Negative,False,0.4,0.4,0.2
2868,Positive,Neutral,False,0.2,0.6,0.2
3157,Negative,Negative,True,0.6,0.4,0.0
3682,Negative,Neutral,False,0.0,0.6,0.4
8823,Neutral,Negative,False,0.4,0.2,0.4
1490,Negative,Positive,False,0.2,0.2,0.6
2830,Neutral,Negative,False,0.4,0.2,0.4
4695,Negative,Positive,False,0.0,0.4,0.6
6513,Neutral,Negative,False,0.6,0.2,0.2
3501,Neutral,Positive,False,0.2,0.2,0.6
3098,Positive,Positive,True,0.4,0.0,0.6
5003,Negative,Neutral,False,0.2,0.6,0.2
3006,Negative,Neutral,False,0.2,0.8,0.0
1627,Neutral,Neutral,True,0.2,0.4,0.4
1988,Negative,Neutral,False,0.2,0.4,0.4
9386,Negative,Positive,False,0.2,0.2,0.6
1693,Positive,Negative,False,0.4,0.2,0.4
980,Neutral,Negative,False,0.6,0.2,0.2
7811,Positive,Neutral,False,0.0,0.6,0.4
5618,Neutral,Neutral,True,0.2,0.4,0.4
2221,Positive,Negative,False,0.4,0.4,0.2
1762,Neutral,Negative,False,0.6,0.2,0.2
5090,Negative,Neutral,False,0.2,0.4,0.4
8341,Negative,Negative,True,0.6,0.2,0.2
3589,Positive,Neutral,False,0.2,0.4,0.4
9151,Negative,Negative,True,0.6,0.4,0.0
6233,Positive,Positive,True,0.0,0.0,1.0
1891,Positive,Neutral,False,0.2,0.4,0.4
6674,Positive,Neutral,False,0.2,0.4,0.4
663,Negative,Negative,True,0.6,0.2,0.2
8579,Negative,Positive,False,0.0,0.2,0.8
5142,Positive,Neutral,False,0.2,0.4,0.4
4072,Negative,Neutral,False,0.2,0.4,0.4
8415,Negative,Negative,True,0.4,0.4,0.2
9448,Neutral,Positive,False,0.0,0.2,0.8
7270,Negative,Negative,True,0.4,0.2,0.4
9086,Positive,Neutral,False,0.0,0.6,0.4
2475,Negative,Positive,False,0.4,0.0,0.6
2102,Neutral,Negative,False,1.0,0.0,0.0
7025,Neutral,Negative,False,0.8,0.2,0.0
2120,Negative,Negative,True,0.8,0.2,0.0
251,Negative,Negative,True,0.4,0.4,0.2
6443,Negative,Neutral,False,0.2,0.6,0.2
4731,Positive,Negative,False,0.6,0.0,0.4
7572,Neutral,Negative,False,0.4,0.4,0.2
591,Positive,Negative,False,0.4,0.2,0.4
9982,Neutral,Negative,False,0.4,0.4,0.2
7180,Positive,Negative,False,0.4,0.4,0.2
9518,Positive,Negative,False,0.4,0.2,0.4
7747,Negative,Negative,True,0.4,0.2,0.4
2780,Neutral,Positive,False,0.0,0.2,0.8
1324,Positive,Negative,False,0.4,0.2,0.4
3710,Negative,Neutral,False,0.2,0.6,0.2
8452,Neutral,Neutral,True,0.0,0.8,0.2
1591,Neutral,Negative,False,0.6,0.4,0.0
8332,Neutral,Positive,False,0.0,0.4,0.6
711,Neutral,Neutral,True,0.2,0.4,0.4
5241,Neutral,Positive,False,0.0,0.4,0.6
7156,Neutral,Neutral,True,0.2,0.4,0.4
9308,Negative,Positive,False,0.0,0.4,0.6
3561,Neutral,Positive,False,0.2,0.0,0.8
7141,Neutral,Positive,False,0.2,0.2,0.6
5887,Positive,Positive,True,0.2,0.2,0.6
7323,Positive,Positive,True,0.2,0.2,0.6
7522,Positive,Negative,False,0.4,0.2,0.4
4253,Neutral,Neutral,True,0.2,0.4,0.4
8360,Negative,Neutral,False,0.2,0.8,0.0
9520,Negative,Positive,False,0.2,0.2,0.6
7960,Positive,Negative,False,0.4,0.4,0.2
8594,Negative,Neutral,False,0.2,0.8,0.0
8313,Negative,Negative,True,0.6,0.2,0.2
355,Positive,Negative,False,0.6,0.2,0.2
7517,Neutral,Positive,False,0.2,0.2,0.6
7460,Neutral,Positive,False,0.2,0.2,0.6
9245,Negative,Neutral,False,0.4,0.6,0.0
2576,Positive,Positive,True,0.2,0.0,0.8
927,Positive,Negative,False,0.4,0.2,0.4
6930,Neutral,Negative,False,0.4,0.4,0.2
4792,Neutral,Negative,False,0.6,0.0,0.4
185,Neutral,Positive,False,0.0,0.4,0.6
8708,Neutral,Positive,False,0.2,0.2,0.6
1165,Positive,Neutral,False,0.2,0.8,0.0
9255,Neutral,Neutral,True,0.2,0.4,0.4
8745,Positive,Negative,False,0.4,0.4,0.2
7370,Neutral,Neutral,True,0.2,0.6,0.2
4847,Neutral,Negative,False,0.4,0.2,0.4
1796,Negative,Negative,True,0.6,0.0,0.4
8582,Neutral,Neutral,True,0.2,0.6,0.2
9748,Neutral,Neutral,True,0.0,0.6,0.4
8723,Positive,Negative,False,0.8,0.0,0.2
6605,Positive,Negative,False,0.6,0.2,0.2
2523,Positive,Neutral,False,0.2,0.6,0.2
33,Neutral,Positive,False,0.0,0.4,0.6
7413,Positive,Neutral,False,0.0,0.6,0.4
2878,Positive,Positive,True,0.4,0.0,0.6
2995,Negative,Negative,True,0.6,0.2,0.2
8963,Positive,Negative,False,0.4,0.4,0.2
5881,Negative,Positive,False,0.2,0.2,0.6
29,Neutral,Positive,False,0.0,0.2,0.8
9691,Neutral,Negative,False,0.4,0.2,0.4
992,Positive,Neutral,False,0.0,0.8,0.2
6776,Positive,Neutral,False,0.4,0.6,0.0
6018,Neutral,Positive,False,0.2,0.2,0.6
4797,Negative,Neutral,False,0.2,0.6,0.2
5524,Positive,Negative,False,0.4,0.2,0.4
9438,Neutral,Negative,False,0.6,0.0,0.4
6853,Neutral,Neutral,True,0.2,0.4,0.4
2025,Negative,Negative,True,0.8,0.0,0.2
1120,Negative,Neutral,False,0.0,0.6,0.4
7075,Positive,Negative,False,0.4,0.4,0.2
8029,Neutral,Negative,False,0.4,0.4,0.2
5364,Neutral,Negative,False,0.4,0.4,0.2
2652,Neutral,Negative,False,0.4,0.2,0.4
8959,Negative,Neutral,False,0.2,0.4,0.4
3809,Positive,Negative,False,0.4,0.4,0.2
3729,Positive,Positive,True,0.2,0.2,0.6
5480,Neutral,Negative,False,0.6,0.2,0.2
8519,Positive,Neutral,False,0.2,0.6,0.2
4308,Positive,Negative,False,0.6,0.0,0.4
5459,Negative,Positive,False,0.2,0.2,0.6
3632,Negative,Negative,True,0.4,0.2,0.4
8375,Neutral,Neutral,True,0.0,0.8,0.2
6245,Neutral,Negative,False,0.4,0.4,0.2
7756,Positive,Positive,True,0.0,0.2,0.8
7007,Neutral,Neutral,True,0.2,0.6,0.2
6031,Neutral,Positive,False,0.2,0.2,0.6
4270,Negative,Neutral,False,0.2,0.4,0.4
966,Positive,Positive,True,0.2,0.2,0.6
9468,Neutral,Negative,False,0.4,0.4,0.2
8406,Positive,Positive,True,0.2,0.0,0.8
8557,Negative,Negative,True,0.4,0.4,0.2
9018,Positive,Positive,True,0.4,0.0,0.6
6044,Neutral,Positive,False,0.4,0.0,0.6
7486,Negative,Neutral,False,0.2,0.6,0.2
8427,Positive,Neutral,False,0.2,0.6,0.2
9470,Negative,Negative,True,0.6,0.4,0.0
9038,Neutral,Negative,False,0.6,0.4,0.0
6066,Neutral,Positive,False,0.4,0.0,0.6
5179,Positive,Positive,True,0.4,0.0,0.6
3924,Positive,Neutral,False,0.0,0.6,0.4
4536,Neutral,Neutral,True,0.2,0.4,0.4
1707,Negative,Negative,True,0.4,0.2,0.4
1018,Positive,Positive,True,0.2,0.2,0.6
3868,Neutral,Positive,False,0.2,0.2,0.6
541,Neutral,Positive,False,0.0,0.2,0.8
5407,Positive,Neutral,False,0.2,0.4,0.4
2002,Neutral,Neutral,True,0.2,0.4,0.4
1743,Negative,Neutral,False,0.2,0.4,0.4
2573,Positive,Positive,True,0.2,0.2,0.6
7090,Neutral,Negative,False,0.4,0.2,0.4
8502,Positive,Negative,False,0.4,0.4,0.2
4332,Negative,Positive,False,0.2,0.2,0.6
7263,Neutral,Positive,False,0.2,0.2,0.6
5545,Neutral,Negative,False,0.6,0.0,0.4
7210,Neutral,Neutral,True,0.4,0.6,0.0
1385,Positive,Negative,False,0.6,0.0,0.4
2962,Neutral,Positive,False,0.2,0.2,0.6
6419,Negative,Negative,True,0.6,0.2,0.2
8847,Neutral,Neutral,True,0.2,0.6,0.2
7520,Negative,Neutral,False,0.2,0.6,0.2
1837,Positive,Negative,False,0.4,0.2,0.4
7761,Negative,Negative,True,0.4,0.4,0.2
6609,Neutral,Neutral,True,0.2,0.6,0.2
2132,Neutral,Negative,False,0.4,0.2,0.4
8694,Negative,Positive,False,0.0,0.4,0.6
7059,Neutral,Neutral,True,0.0,0.6,0.4
1402,Negative,Negative,True,0.6,0.0,0.4
3597,Negative,Neutral,False,0.2,0.4,0.4
8370,Negative,Negative,True,0.6,0.4,0.0
2603,Positive,Positive,True,0.0,0.4,0.6
6111,Positive,Neutral,False,0.2,0.4,0.4
1291,Neutral,Neutral,True,0.2,0.4,0.4
8123,Neutral,Negative,False,0.4,0.2,0.4
3239,Negative,Negative,True,0.8,0.2,0.0
1964,Positive,Negative,False,0.6,0.2,0.2
3463,Neutral,Positive,False,0.0,0.4,0.6
473,Neutral,Neutral,True,0.2,0.4,0.4
5099,Positive,Negative,False,0.8,0.0,0.2
4539,Negative,Negative,True,0.6,0.2,0.2
3381,Negative,Neutral,False,0.2,0.8,0.0
9417,Negative,Negative,True,0.4,0.2,0.4
9422,Negative,Neutral,False,0.2,0.4,0.4
2468,Positive,Negative,False,0.6,0.2,0.2
8383,Neutral,Negative,False,0.4,0.4,0.2
8473,Neutral,Positive,False,0.0,0.2,0.8
9322,Neutral,Negative,False,0.4,0.4,0.2
6407,Neutral,Negative,False,0.4,0.2,0.4
3313,Positive,Neutral,False,0.4,0.6,0.0
3962,Negative,Negative,True,0.8,0.0,0.2
4875,Positive,Neutral,False,0.0,0.6,0.4
6049,Negative,Negative,True,0.6,0.2,0.2
6773,Positive,Neutral,False,0.0,0.6,0.4
8749,Positive,Positive,True,0.2,0.2,0.6
5268,Negative,Positive,False,0.0,0.4,0.6
9515,Positive,Neutral,False,0.4,0.6,0.0
391,Positive,Neutral,False,0.2,0.4,0.4
8553,Positive,Positive,True,0.0,0.2,0.8
293,Negative,Positive,False,0.2,0.0,0.8
968,Positive,Neutral,False,0.2,0.4,0.4
1524,Neutral,Negative,False,0.4,0.4,0.2
1782,Positive,Positive,True,0.2,0.2,0.6
2176,Positive,Positive,True,0.0,0.4,0.6
5950,Positive,Negative,False,0.4,0.2,0.4
1346,Neutral,Neutral,True,0.2,0.4,0.4
4196,Negative,Positive,False,0.2,0.2,0.6
8930,Neutral,Negative,False,0.4,0.4,0.2
1900,Negative,Negative,True,0.6,0.0,0.4
8315,Negative,Negative,True,0.4,0.4,0.2
9063,Positive,Neutral,False,0.2,0.4,0.4
3477,Negative,Negative,True,0.4,0.4,0.2
7746,Neutral,Neutral,True,0.2,0.4,0.4
1190,Negative,Negative,True,0.4,0.2,0.4
7311,Positive,Neutral,False,0.2,0.8,0.0
4630,Negative,Neutral,False,0.0,0.8,0.2
9810,Neutral,Positive,False,0.0,0.4,0.6
8893,Negative,Neutral,False,0.2,0.4,0.4
6034,Neutral,Neutral,True,0.2,0.6,0.2
2314,Negative,Neutral,False,0.2,0.4,0.4
9841,Negative,Neutral,False,0.0,0.6,0.4
6690,Positive,Neutral,False,0.4,0.6,0.0
7449,Neutral,Negative,False,0.4,0.4,0.2
2684,Positive,Neutral,False,0.2,0.6,0.2
8537,Negative,Neutral,False,0.2,0.6,0.2
8640,Positive,Positive,True,0.2,0.2,0.6
6716,Neutral,Negative,False,0.6,0.0,0.4
1948,Negative,Negative,True,0.6,0.2,0.2
6046,Neutral,Negative,False,0.8,0.0,0.2
8506,Positive,Negative,False,0.8,0.0,0.2
376,Negative,Positive,False,0.2,0.2,0.6
291,Neutral,Negative,False,0.4,0.2,0.4
4939,Neutral,Neutral,True,0.0,0.6,0.4
5525,Negative,Negative,True,0.4,0.4,0.2
9720,Positive,Negative,False,0.8,0.0,0.2
5657,Neutral,Negative,False,0.4,0.2,0.4
3655,Negative,Neutral,False,0.0,0.6,0.4
4566,Negative,Positive,False,0.2,0.2,0.6
6355,Positive,Negative,False,0.4,0.2,0.4
6310,Negative,Negative,True,0.4,0.4,0.2
8256,Negative,Negative,True,0.4,0.2,0.4
6600,Positive,Negative,False,0.4,0.2,0.4
8777,Positive,Negative,False,0.4,0.2,0.4
1003,Neutral,Neutral,True,0.4,0.6,0.0
5741,Negative,Negative,True,0.6,0.2,0.2
9270,Neutral,Neutral,True,0.4,0.6,0.0
2145,Neutral,Neutral,True,0.2,0.6,0.2
7685,Negative,Negative,True,0.6,0.4,0.0
86,Neutral,Positive,False,0.2,0.0,0.8
3048,Negative,Neutral,False,0.4,0.6,0.0
491,Positive,Negative,False,0.6,0.2,0.2
9753,Positive,Negative,False,0.6,0.4,0.0
7769,Negative,Neutral,False,0.0,0.6,0.4
8916,Neutral,Neutral,True,0.2,0.6,0.2
7441,Neutral,Negative,False,0.4,0.4,0.2
7937,Negative,Negative,True,0.4,0.4,0.2
2218,Positive,Negative,False,0.4,0.2,0.4
7093,Neutral,Negative,False,1.0,0.0,0.0
7760,Positive,Negative,False,0.4,0.4,0.2
9768,Negative,Negative,True,0.4,0.4,0.2
9809,Negative,Negative,True,0.8,0.2,0.0
873,Negative,Positive,False,0.0,0.4,0.6
67,Negative,Positive,False,0.0,0.0,1.0
5568,Negative,Neutral,False,0.4,0.6,0.0
7658,Positive,Neutral,False,0.2,0.6,0.2
502,Positive,Positive,True,0.2,0.0,0.8
225,Positive,Positive,True,0.2,0.2,0.6
6121,Negative,Negative,True,0.6,0.4,0.0
7475,Negative,Neutral,False,0.4,0.6,0.0
1386,Negative,Neutral,False,0.2,0.6,0.2
7812,Negative,Positive,False,0.2,0.2,0.6
1484,Negative,Positive,False,0.0,0.4,0.6
4871,Negative,Negative,True,0.4,0.4,0.2
70,Negative,Neutral,False,0.2,0.6,0.2
865,Positive,Negative,False,0.4,0.2,0.4
7168,Positive,Negative,False,0.6,0.4,0.0
9426,Positive,Neutral,False,0.2,0.6,0.2
9751,Neutral,Neutral,True,0.4,0.6,0.0
4680,Positive,Negative,False,0.4,0.2,0.4
5658,Neutral,Negative,False,0.4,0.4,0.2
8379,Positive,Negative,False,0.6,0.2,0.2
3734,Positive,Negative,False,0.4,0.4,0.2
8855,Positive,Neutral,False,0.2,0.4,0.4
6320,Neutral,Negative,False,0.6,0.4,0.0
1945,Positive,Negative,False,0.8,0.0,0.2
5330,Negative,Neutral,False,0.0,0.8,0.2
2550,Neutral,Negative,False,0.8,0.2,0.0
8483,Positive,Positive,True,0.2,0.2,0.6
7688,Positive,Neutral,False,0.4,0.6,0.0
1911,Neutral,Positive,False,0.2,0.0,0.8
9844,Positive,Negative,False,0.6,0.0,0.4
2119,Negative,Neutral,False,0.2,0.4,0.4
5775,Negative,Neutral,False,0.0,0.8,0.2
9721,Negative,Positive,False,0.2,0.2,0.6
6606,Positive,Neutral,False,0.4,0.6,0.0
9953,Neutral,Negative,False,0.4,0.2,0.4
2320,Positive,Positive,True,0.0,0.4,0.6
1578,Negative,Positive,False,0.0,0.4,0.6
5318,Neutral,Negative,False,0.4,0.4,0.2
2951,Neutral,Negative,False,0.6,0.4,0.0
5801,Positive,Neutral,False,0.0,0.6,0.4
7692,Positive,Neutral,False,0.4,0.6,0.0
7602,Positive,Negative,False,0.6,0.0,0.4
4974,Negative,Neutral,False,0.4,0.6,0.0
7936,Neutral,Negative,False,0.4,0.2,0.4
5414,Positive,Neutral,False,0.2,0.6,0.2
400,Neutral,Neutral,True,0.2,0.4,0.4
5149,Neutral,Negative,False,0.6,0.2,0.2
2471,Negative,Neutral,False,0.0,0.6,0.4
9324,Neutral,Positive,False,0.2,0.2,0.6
4714,Neutral,Neutral,True,0.2,0.6,0.2
4497,Negative,Neutral,False,0.0,0.6,0.4
2678,Positive,Negative,False,0.4,0.4,0.2
6365,Neutral,Negative,False,0.6,0.2,0.2
115,Negative,Neutral,False,0.2,0.4,0.4
322,Positive,Positive,True,0.0,0.2,0.8
9004,Neutral,Negative,False,0.6,0.0,0.4
1152,Neutral,Positive,False,0.0,0.2,0.8
6174,Neutral,Negative,False,0.4,0.4,0.2
263,Positive,Neutral,False,0.2,0.6,0.2
3987,Positive,Negative,False,0.6,0.0,0.4
1046,Positive,Negative,False,0.4,0.4,0.2
6387,Negative,Negative,True,0.4,0.2,0.4
9153,Neutral,Positive,False,0.0,0.2,0.8
9722,Negative,Positive,False,0.2,0.2,0.6
6594,Neutral,Negative,False,0.4,0.4,0.2
3156,Neutral,Neutral,True,0.0,0.8,0.2
7976,Negative,Neutral,False,0.4,0.6,0.0
9317,Positive,Negative,False,0.6,0.4,0.0
6980,Negative,Positive,False,0.2,0.0,0.8
8445,Positive,Negative,False,0.4,0.2,0.4
9451,Positive,Neutral,False,0.2,0.6,0.2
4213,Neutral,Neutral,True,0.2,0.6,0.2
7136,Negative,Negative,True,0.4,0.2,0.4
7758,Positive,Negative,False,0.8,0.2,0.0
7813,Negative,Negative,True,0.6,0.0,0.4
5492,Positive,Neutral,False,0.0,0.6,0.4
